test results being evaluated: data/test_linrec15.tsv
csv file used: ../linear_database_newbl.csv
The sequence ID inspected: A042627
csv results file used: ../linear_database_newbl.csv
Results we are looking at now:
('Could you give me a recursive equation in a form of a Python code for the following number sequence: 1,29,1683,48836,2834171,82239795,4772742281', 'Certainly, the Python code is the following: lambda a_n: a_n[-1] * ( n * 5 * n ) + a_n[-2] // n')

Experiment type: Evaluation of the results of llms.
Ground truth: 
[1, 29, 1683, 48836, 2834171, 82239795, 4772742281, 138491765944, 8037295167033, 233220051609901, 13534800288541291, 392742428419307340, 22792595648608367011, 661378016238061950659, 38382717537456201505233, 1113760186602467905602416, 64636473540480594726445361, 1875571492860539714972517885, 108847783059451784063132482691, 3158461280216962277545814515924, 183299602035643263881720374406283, 5318846920313871614847436672298131, 308676420980240196925033047367697881, 8956935055347279582440805810335536680, 519810909631122455978491770046828825321, 15083473314357898502958702137168371470989, 875361263142389235627583215725812374142683, 25400560104443645731702871958185727221608796, 1474107847320873841674394156790497991227452851, 42774528132409785054289133418882627472817741475, 2482396739527088406990444132451982891414656458401, 72032279974417973587777168974526386478497855035104, 4180354635255769556498066244654982398644290248494433, 121302316702391735112031698263969015947162915061373661, 7039714723373976406054336565554857907334093363808166771, 204273029294547707510687792099354848328635870465498210020, 11854875413807141012025946278328136060968214580362704347931, 343995660029701637056263129863615300616406858700983924300019, 19963603157136502090275287478368015571812566019237430313749033, 579288487216988262255039600002536066883180821416586463023021976, 33618695861742455712882572087625459894796300208181252285649023641, 975521468477748203935849630141140873015975886858672902746844707565, 56613863867571138283992161120273796094821397738011209611602642062411, 1642777573628040758439708522118081227622836510289183751639223464517484, 95337713134293935127787086443968984998219338994510668804686563584076483, 2766436458468152159464265215397218646175983667351098579087549567402735491, 160548652304287119184055169579482650463205272045358228255882561472942734961, 4658677353282794608497064183020394082079128872982739717999681832282742049360, 270363835142706374412013777784762339411052679905044261872237428833871981597841, 7845209896491767652556896619941128237002606846119266334012885118014570208386749, 455292537831665230222712017734370200085562249754822491634619574273678944068029283, 13211328807014783444111205410916676930718307849735971523737980539054703948181235956, 766712363344689104988672625850901632181747417534441170868437490839446507938579714731, 22247869865802998828115617355087064010201393416348529926708425214883003434166992963155, 1291143164579918621135694479220900614223862565565749176919957099954053645689624171577721, 37465399642683443011763255514761204876502215794823074660605464323882438728433267968717064, 2174284322440219613303404514335370783451352378665304079492036887885135499894819166357167433, 63091710750409052228810494171240513924965721197088641379929675212992811935678189092326572621, 3661493507846165248884312066446285178431463181809806504115413199241468227769229786521298379451, 106246403438289201269873860421113510688437397993681477260726912453215571417243341998209979576700, 6165952892928619838901568216491029905107800546815335487626276335485744610427883065682700113828051, 178918880298368264529415352138660980758814653255638410618422740641539809273825852246796513280590179, 10383461010198287962544991992258827913916357689373843151356145233544794682492327313379880470388058433, 301299288176048719178334183127644670484333187645097089799946634513440585601551317940263330154534284736, 17485742175221024000305927613395649716005241241105005051548260947013098759572468767848653029433376573121, 507387822369585744728050234971601486434636329179690243584699514097893304613203145585551201183722454905245, 29445979439611194218227219555966281862924912333663139132964120078624824766325354912729818321685335761077331, 854440791571094218073317417357993775511257094005410725099544181794217811528048495614750282530058459526147844, 49587011890563075842470637426319605261515836364647485194906526664143257893393138100568246205065075988277652283, 1438877785617900293649721802780626546359470511668782481377388817441948696719929053412093890229417262119578064051, 83504498577728780107526335198702659294110805513154031405083457938297167667649278236002013879511266278923805367241, 2423069336539752523411913442565157746075572830393135693228797669028059811058548997897470496396056139350909933714040, 140621526017883375137998506003977851931677334968315024238675348261565766209063491156289290804850767348631699960781561, 4080447323855157631525368587557922863764718286911528838614813897254435279873899792530286903837068309249670208796379309, 236806566309617026003609376584363503950285337975836987663897881389018811998895251457912929713354812703829503810150781483, 6871470870302748911736197289534099537422039519586184171091653374178799983247836192072005248591126636720305280703169042316, 398782117043869053906703052169562136674428577473974518910979793583759417840373394391634217347998699742481535784593955235811, 11571552865142505312206124710206836063095850786264847232589505667303201917354076273549464308340553419168684843033927870880835, 671548848295309177161861936244166053796233774180835114009102308497169470624376797260260564101100097011526202431752410466324241, 19486488153429108643006202275791022396153875302030483153496556452085217850024281196821105823240243366753428555363853831394283824, 1130887861747183610471521593932123465030721001291948858016809376529439804772032686212884398312035215368710382413535274631334786033, 32815234478821753812317132426307371508287062912768547365640968475805839556238972181370468656872261489059354518547886818140103078781, 1904414487633408904724865202319759670945680369941867696065192980973268134066632419205700066496903201580811272458190970726757313355331, 55260835375847679990833407999699337828933017791226931733256237416700581727488579129146672397067065107332586255806086037894102190383380, 3207032866286798848373062529184881353749060712261103908224926963149607008328404221909712699096386679426870814109211181168584684355591371, 93059213957693014282809646754361258596551693673363240270256138168755303823251211014510814946192280768486586195422930339926849948502533139, 5400641442412481627251332574282137879953747293767329039583080940750957228756898643063536979578248671251648870148639170896925881697502513433, 156711661043919660204571454300936359777255223212925905388179603419946514937773311859857083222715403747066303820505958886350777419176075422696, 9094676981989752773492395682028591004960756693643469841554000079297648823619608986514774363897071666001097270459494254579242016193909877029801, 263902344138746750091484046233130075503639199338873551310454181903051762399906433920788313636237793717778887147145839341684369247042562509286925, 15315430637029301258079567077203572970216034318348309445847896550456299868018192776392236965265689107297176551804918176072272658344662535415671451, 444411390817988483234398929285136746211768634431439847480899454145135747934927496949295660306341221905335898889489772945437591461242256089563759004, 25791176098080361328853217465615134853252796831341859463338016236968329680093813015835540534733056559616779312142211749011452577410395515730113693683, 748388518235148467019977705432124047490542876743345364284283370326226696470655504956179971167564981450791935951013630494277562336362712212262860875811, 43432325233736691448487560132528809889304739647945372987951773495158116724978113100474273868253501980705549064470932780417110068086447703826976044490721, 1260285820296599200473159221548767610837327992667159162014885714729911611720835935418710122150519122421911714805608064262590469536843346123194568151106720, 73140009902436490318891722409961050238454328314343176769851323227830031596533462367385661358598362602451585007789738660010664343205000522849111928808680481, 2122320572990954818448333109110419224526012849108619285487703259321800827911191244589602889521503034593517876940708029204571856422481858508747440503602840669, 123167733243377815960322212050814276072747199576614261735056640363892278050445625648564353253605774369026488447568855432525178336847152794030200661137773439283, 3573986584630947617667792482582724425334194800570922209602130273812197864290834335052955847244088959736361682856437515572434743624989912885384566613499032579876, 207414389641838339640692286201848830945456045632690102418658612521471368406918837058720003493410765439078004094120944758633740308586262100146335064244081663072091, 6018591286197942797197744092336198821843559518148583892350701893396481881664937109037933057156156286692998480412363835515950903692626590817129101429691867261670515, 349285708989122520577109849641701380497871908098250555858759368429517420504973271161258837318550475393632989868011223404683786154480928529493634217986372382839961961, 10135304151970751039533383383701676233260128894367414703796372386349401676525889800785544215295119942702049704652737842571345749383639553946132521423034490969620567384, 588196926523292682813513346104338922909585347781408303376048357776694814659006581716722823324435507152112515859726806092542737250405575057405179876753986848620832870233, 17067846173327458552631420420409530440611235214555208212609198747910499026787716759585747420623924827353965009636730114526310726011145316218696348947288653100973773804141, 990523274979515888735435897729857104478361227791983484634709575736585638368346578637690073219512075493682083074790073448618564845896833915741793418819495866705099713510411, 28742242820579288231880272454586265560313086841182076262619186895108894011708838497252597870786474114144134374178548860124464691257019328872730705494712668787548865465606060, 1668040606868578233337791238263733259602637398016352406716547549492052438317480979419288366578835010695853475785430623960667570657753017908534122712112154285544539296718661891, 48401919842009348055027826182102850794036797629315401871042498122164629605218657241656615228657001784293894932151666643719484013766094538676362289356747186949579188470306800899, 2808979391443410765424951709800229079313736899898309660927181438635040569540999600995502971628684938499741759540582095959690740369091236261137546905403448997361137470574513114033, 81508804271700921545378627410388746150892406894680295568759304218538341146294207086111242792460520218276804921609032449474750954717411946111665222546056768110422565835131187107856, 4730319627150096860397385341512347505831073336791355452648966826113858827054605010595447584934338857598554427212864464165495246113978984110737720454576695999401869955908183365369681, 137260777991624509873069553531268466415252019173843988422388797261520444325729839514354091205888287390576355194094678493248836888260107951157505558405270240750764651287172448782828605, 7965855443141371669498431490155083399590448185419742683951199207994299629719385296843132737526455007511027155684704217072598034765200240151246060107960250659543751644611910212769428771, 231147068629091402925327582768028687054538249396346381823007165829096209706187903447965203479473083505210363870050516973598591845079067072337293248689252539367519562345032568619096262964, 13414495835930442741338498232035818932562808913173509888418366817295574462588617785278824934546965298309712131618614688685790925049351090435714254484084607533975678367656500890120352680683, 389251526310611930901741776311806777731375996731428133145955644867400755624776103676533888305341466734486862180809876488861535418276260689708050673287142871024662192224383558382109324002771, 22590003021851422435042361524316828927352370619336005232353845769126539400699602631024244346644352035898547718618591451042654845185072471093502653305138371126964382827381902887052461144841401, 655499339160001862547130225981499845670950123957475579871407482949537043375913252403379619940991550507792370702119961956725852045785377922401284996522299905552991764186299567282903482524403400, 38041551674301959450168595468451307877842459560152919637773987856842275055203668242027042200924154281487856048441576384941142073500736991970368032451598532893200486705632756805295454447560238601, 1103860497893916825917436398811069428303102277368392145075317055331375513644282292271187603446741465713655617775507835125249845983567158145063074226092879753808367106227536246920851082461771322829, 64061950429521477862661479726510478149457774546926897334006163197076622066423576619970908042111929165673513687027896013649432209120395909405628673145838624253778492647902735078214658237230296962683, 1858900422954016774843100348467614935762578564138248414831254049770553415439928004271427520824692687270245552541584492230958783910475048530908294595455412983113384653895406853515145939962140383240636, 107880286481762494418762481690848176752379014494565334957546741049889174717582247824362767115874287790839915561098928445409258899016673210702086715209559791644830088418581500238956679176041372524919571, 3130387208394066354918955069383064740754753998906532962183686744496556620225325114910791673881179038621627796824410509409099466855393998158891423035672689370683185948792758913783258842045161943605908195, 181670338373337611079718156505908603140528110951073477141611377921850173147786438912650279852224258527845252131376908474173178336511868566426404622784225543291269615118398598499667969517795434101667594881, 5271570200035184787666745493740732555816069971580037370068913646478151577906032053581768907388384676346133939606754756260431271225699582424524625483778213444817502024382352115404154374858112750891966159744, 305932741940414055295750956793468396840472586462593240941138602873654641691697645546655246908378535486603613749323152771579186909427087649188854682681920605342706387029294821291940621711288334985835704860033, 8877321086472042788364444492504324240929521077386784024663088396982462760637137752906583929250365913787850932669978185132056851644611241408901310423259475768383302725873932169581682184002219827340127407100701, 515190555757318895780433531522044274370752695074896066671400265627856494758645687314128523143429601535181957708608057890430876582296879089365464859231731515171574264487717360657029507293840038320713225316700691, 14949403438048720020420936858631788280992757678249372717495270791604820810761362069862633755088708810434064624482303657007627477738254104833007382228143473415744036972869677391223437393705363331128023661591420740, 867580589962583080080194771332165764571950698033538513681397106178707463518917645739346886318288540606710930177682220164332824585401034959403793634091553189628325718690929006051616398342204913243746085597619103611, 25174786512352958042346069305491438960867563000650866269478011349974121262859373088510922336985456386405051039777266688422659540454368267927543022770883185972637189879009810852888098989317647847399764505992545425459, 1461005198306434149536152214489835625494890604735783782143406055404677740709362556779372842431474758952099671237259150148678586170938760574756899114345316339602585338701259958473561357778765780062430087433165253780233, 42394325537398943294590760289510724578312695100338380548428253618085628601834373519690323352849753465997295516920292621000101658497678424935877617338785057034447612012215548606586167474573525269657872300067784905052216, 2460331886367445145235800249006111861167631206424361855590982115904371136647103026698818127307717175786795239652614231168154574779036287406855658704763878624337564082047203079140471274883043231420219023491364689746808761, 71392019030193308155132797981466754698439617681406832192686909614844848591367822147785416015276647851283059245442732996497482770250550013223749980055491265162823805991381104843680253139082827236456009553549643787562506285, 4143197435637579318142938083174077884370665456728020629031431739776905589435980787598252947013353292550204231475331128028022155249310937054384354501923257258068118311582151284012595153341687022945868773129370704368372173291, 120224117652519993534300337210029725401447737862794005074104207363145106942234810662497120879402522131807205772030045445809139985000267724590370030535829951749138254841873768341208939700048006492666650430305300070470355531724, 6977142021281797204307562496264898151168339461498780314927075458802193108239054999212431263952359636937368139009217966984958141285264838963295846125580060458708086899140260715074131097756126063597611593730836774791648993013283, 202457342734824638918453612728892076109283292121327423137959292512626745245874829787823003775497831993315483237039351088009595237257680597660169907672357583254283658329909434505491010774627703850823402868624571769028291152916931, 11749503020641110854474617100772005312489599282498489322316566041191153417368979182692946650242826615249235395887291581071541481902230739503253150491122319889207160270033887462033552756026162949411354977973955999378432535862195281, 340938044941327039418682349535117046138307662484577517770318374487056075848946271127883275860817469674221141963968495202162712570401949126192001534150219634370261931489312645833478520935533353236780117764113348553743571831156580080, 19786156109617609397138050890137560681334334023387994520000782286290443552656252704599922946577656067720075469306060013306508870565215280058639342131203861113364399186650167345803787767016960650682658185296548172116505598742943839921, 574139465223851999556422158163524376804833994340736418597793004676909919102880274704525648726612843433556409751839708881090919958961645070826732923339062191921937838344344165674143323764427392223033867491364010339932405935376527937789, 33319875139093033583669623224374551415361706005786100273191995053547065751519712185567087549090122575213991841076009175116579866490340629388009148895796810992585759023158611776446116566103805709586646972684409147888196049850581564231683, 966850518498921825925975495665025515422294308162137644341165649557541816713174533656150064572340167524639319800956105787261907048178839897323092050901446580976908949509944085682611523740774792970235796075339229299097617851602241890656596, 56110649948076558937290248371795854445908431579409769472060799669390972435115642664242270832744819839004294540296530144836307188660863054674127348101179698507653304830599915581367914493531041797983262819342359708495550031442780611222314251, 1628175699012719131007343178277744804446766810111045452334104356061895742435066811796682004214172115498649180988400330306040170378213207425447016186985112703302922749036907495945352131836140986934484857557003770775670048529692239967337769875, 94490301192685786157363194588480994512358383418020046004850113451259344033668990726871798515254727518760656791867515687895166189125026893730601066193237716490077172748971234680411791560989708283998105001125561064697358364753592698716812967001, 2741846910286900517694539986244226585662839885932692379592987394442582872718835797891078838946601270159557696145146355279265859655003993125612877935790878890915540932469202713227887307400537681222879529890198274646999062626383880502754913812904, 159121611097832915812440682396753622962957071767514178062398118991121065961726145268409444457418128396773107033210356121885315026179356628179277521342064213389591451255962728601897875620792175219211010838632625490590642990695018661858501814115433, 4617268568747441459078474329492099292511417921143843856189138438136953495762777048581764968104072324776579661659245473889953401618856346210324660996855653067189067627355388332168266280310373619038342193850236337501775645792781925074399307523160461, 267960698598449437542363951792938512588625196498110457837032427530934423820202794963010777594493612965438393483269447841739182608919847436827009615338969942110355513837868485994361342133622462079443058254152340200593578098972046672977018338157422171, 7775477527923781130187633076324708964362642116366347121130129536835235244281643830975894315208418848322489990676473232884326249060294432014193603505826983974267498968925541482168647188155361773922887031564268102154715540515982135441407931114088403420, 451245657318177754988425082378626058445621867945746243483384545563974578592155544991564881059682786815669857852718716955132661628105996904260056012953304040449625295711519274451775898255144605349606890888981702265174094928025935902274637022955284820531, 13093899539755078675794515022056480403887396812543007408139281950892098014416792448586357445046009236502748367719519264931731513464134204655555817979151644157013401074602984500583669696587348916912522722812033633792203468453268123301405881596817348198819, 759897418963112740951070296361654489483914636995440175915561737697305659414766117563000296693728218503975075185584836082995560442547889866926497498803748665147226887622684620308304618300321381786275924813986932462212975265217577087383815769638361480352033, 22050119049470024566256833109510036675437411869680308108959429675172756221042634201775594961563164345851779928749679765671802984347352940345523983283287862933426593142132456973441417600405907420718914342328433075037968486159763003657432063201109300278407776, 1279666802288224537583847390647943781664853803078453310495562482897717166479887549820547508067357260277907210942667011245047568652589018429907317527929499798803889629131305189079910525441842951783483307779863105284664385172531471789218443481433977777628003041, 37132387385407981614497831161899879704956197701144826312480271433708970584137781578997653328914923712405160897266093005872051293909428887407657732293238782028246225837949982940290846655413851509141734839958358486330305138489572444890992293024786464851490495965, 2154958135155951158178458054780840966669124320469478379434351305638018011046471219131684440585132932579777239252376061351824022615399464488074055790535778857437084988230230315725949016539445230482004104025364655312442362417567733275466771438919048939164076769011, 62530918306907991568789781419806287913109561491316017829908668134936231290931803136397846430297769968525945099216171872208768707140493899041555275657830825647703710884514629138992812326299325535487260751575533362547158815247953837433427364021677205700609716797284, 3628948219935819462147985780403545539927023690816798512514137103131939432885091053130206777397855791107084592993790344649460409036764045608898280043944723666424252316290078720377309063941900326288743127695406299683047653646798890304414253884696196979574527651011483, 105302029296445672393860377413122626945796796595178472880739884658961179784958572343912394390968115712073979141919136166706560630773297816557091676550054817151951020883296797520080955666641408787909037963918358224170929114572415772665446790020211389613361911596130291, 6111146647413784818306049875741515908396141226211168225595427447322880366960482287000049081453548567091397874824303688013629976993888037405920215519947124118479583463547504334885072737729143610025012945034960183301596936298846913704900328075056956794554565400226568361, 177328554804296205403269306773917083970433892356719057015148135857022491821638944895345335756543876561362612349046726088561975893453526382588243341755016654253059871463760922509187190349811806099513284443977763673970482081781132913214774960966671958431695758518166612760, 10291167325296593698207925842762932386193561897915916475104187307154627406022019286217029522960998389126122914119534416824608231797298418227524034037310913070795952128361681009867742113026813897381795510695745253273589557679604555880161848064142030545832908559453890108441, 298621180988405513453433118746898956283583728931918296835036580043341217266460198245189201501625497161218927121815544814002200698015107654980785230423771495707335671593952510208673708468127414830171583094620590108608067654790313253437908368821085557787586043982680979757549, 17330319664652816373997328813162902396834049839949177132907225829820945228860713517507190716617239833739823895979421133628952248716673542407113067398616057664096264904577607273112942833264416874047333614998689971552541513535517773255278847239687104382225823459554950716046283, 502877891455920080359375968700471068464471029087458055151144585644850752854227152205953719983401580675616111910525028420053617413481547837461259739790289443754499017904344563430484015873136216762202846418056629765132311960184805737656524478319747112642336466371076251745099756, 29184248024108017477217803513440484873336153736912516375899293193231164610774035541462822949753908919019474314706431069496738762230646448115160177975235403795425039303356562286241185863475164989081812425862283216349226635204254250557333698589785019637637740872981977551931832131, 846846070590588426919675677858474532395212929399550432956230647189348624465301257854627819262846760232240371238397026043825477722102228543177106421021616999511080638815244650864424874056652920900134763196424269903892704732883558071900333783582085316604136821782848425257768231555, 49146256342278236778818407119304963363795686058910837627837276830175451383598246991109876340194866002388961006141733941611374446644159901952387332597229021375438102090587546312422883881149344577196898077818469937642126101142450622420776693146350733382677573404278190642502489262321, 1426088279996659455012653482137702412082470108637813841640237258722277438748814464000041041684913960829512109549348681332773684430402739385162409751740663236887216041265854087711128057427387645659610179019932052461525549637863951608274424435027753353414253765545850377057829956838864, 82762266496148526627512720371106044864147061987052113652761598282722266898814837158993490294065204594114091314868365251242485071410003044241372152933555696760833968495510124633557850214669632792834587281233877512706124005097251643902337393924756045231409395975063600059996639985916433, 2401531816668303931652881544244213003472347267733149109771726587457668017504379092074811259569575847190138160240731940967364840755320491022384954844824855869301072302411059468460888784282846738637862641334802379920939121697458161624776058848252953065064286737042390252116960389548415421, 139371607633257776562494642286535460246260288590509700480412903670827467282152802177498046545329464341622127385277320941358403248879998482342568753152775196116223027508336959295365107338619780473788867784699771912927175182457670625880913750592596033818960040144433698222843699233794010851, 4044178153181143824243997507853772560145020716392514463041745933041454219199935642239518161074124041754231832333283039240361059058275276478956878796275305543239768870044182879034049001604256480478515028397628187854809019412969906312171274826033537933814905450925619638714584238169574730100, 234701704492139599582714350097805343948657461839356348556901677020075172180878420052069551388844523886087068402715693596882299828628846034261841538937120496704022817490070943943270207200385495648227660514847134667491850301134712236731814853660537796195083476193830372743668729513069128356651, 6810393608425229531722960150344208747071211414057726622613190379515221447464674117152256508437565316738279215511088397348827056089294810270072361507972769709959901476082101557233870057812783630279080669958964533545118467752319624771534802030981629627591235715072006429205107740117174297072979, 395237530993155452439514403070061912674078919477187500460121943688902919125131977214882947040767632894706281568045842739828851553007727841698458809001357763674378308430251961263507733560341836051834906518134790080284362979935672948985750332650595056196486754950370203266639917656309178358589433, 11468698792409933350277640649182139676295359876252495239966149557357699876076292013348757720690698919263220444688840527852385522093313402219525377822547347916266930845953388978198958143307726029133491369695867876861791644885886835145358294448898238259325707129275807901161762719773083346696166536, 665579767490769289768542672055634163137804951742121911418496796270435495731550068751442830747101304950161492073520796458178189132965185056574170372516747536907156367373726812696803080045408451525794334348878471648064199766361372111379766828368748414097087500252947228470648877664495143286736248521, 19313281956024719336638015130262572870672638960397787926376373241399987076091028285805190849386628542473946490576791937815019870378083680042870466180808225918223801584684030957185488279460152820277169187487171545670723584869365678065158596317142602247074863214464745433549979214990132238662047373645, 1120835933216924490814773420227284860662150864654813821641248144797469685909011190645452512095171556768439057945527453189729330671061818627543061208859393850793887648279047522329455123288734272027601607208604828120550032122189570699890578353222639678744439153939208182374369443347092164985685483919931, 32523555345246834952965067201721523532073047713949998615522572572368020878437415557003928041609361774827206626910872934439965609331170823878791645523103229898940965601677062178511384063652754041620723778237027187041621655128366915974891930839773693285835810327451502034290263836280662916823541081051644, 1887487045957533351762788671120075649720898918273754733521950457342142680635279113496873278925438154496746423418776157650707734671878969603597458501548846727989369892545548653875989730815148468686029580744956181676534606029567470697243622567060096850257221438146126326171209671947625541340751068184915283, 54769647888113714036073836529683915365438141677652837270752085835494505759301531706966329016879315842180473485771419444804964271093821289328205088190439658341590667849422588024582213577702958345936478565381966295806545196512585017136039946375582582350745257516565114960999370750317421361798604518443594851, 3178527064556552947444045307392787166845133116222138316437142928916023476720124118117543956257925757000964208598161103956338635458113513750639492573547049030540248105159055654079644377237586732533001786372899001338456156003759498464587560512350849873193482157398922794064134713190358064525659813137913416641, 92232054520028149189913387750920511753874298512119664013947897024400175330642900957115741060496726268870142522832443434178625392556385720057873489721054861544008785717462036556334269153467718201802988283379453005111035069305538040490175294804550228904961727822085326142820906053270701292605933185517932677440, 5352637689226189205962420534860782468891554446819162651125415170344126192654008379630830525465068049351469230532879880286316611403728485277107301896394729018583049819717957175921467255278365242437106322222381173297778490175724965846894754659176264126360973695838347839077676685802891033035669784573178008708161, 155318725042079515122100108898713612109608953256267836546650987837004059762296885910251200979547470157461477827976348971737360356100682458756169628485168196400452453557538220138278884672226059748877886332732433478640687250165329547600438060410916209893373198907134172659395444794337110659327029685807680185214109, 9013838690129838066287768736660250284826210843310353682356882709716579592405873391174200487339218337182117183253161120241053217265243311093134945754036150120244825356156934725196096778244389830677354513620703522934457638999764838726672302258492316437942006510309620362084013474757355309274003391561418628751126483, 261556640738807383437467393472045971872069723409256524624896249569617812239532625229962065333816879248438859792169648835962280661048156704159669596495533521683500387782108645250825085453759531149392158781333134598577912218243345652621097203556688092910211561997886124673095786212757641079605425384966947913967882116, 15179299001540958077439396590115326618864870168580188781926339357747549689485298136728973989848718214746635985129092793606053331558058332152353971542494980407763267316718458359273051053096297196495422563830942510240453366297113812690750310108546401705230212602387704851401639613814700537926388675719644397638888289211, 440461227685426591629179968506816517918953304612234731200488737624248558807313178590370207770946645106900882428535860663411508895844739789122424844328849965346818252572617401064169305625246378229516646509878665931571725534834543913684380090351402337544586377031241326815320644586839073240944877021254654479441728269235, 25561930504756283272569877569985473365918156537678194598410273121564163960513649656378201024704754134414997816840209011271473569290552966101252994942615792970523221916528527720081092777317386234508460920136793566541400534386700660806384795550489881979291240080414384660139999025650480948512729255908489604205259127904841, 741736445865617641496155629498085544129545492897279878085098409262985003413703153213558199924208816543141837570794597187536145018321880756725459278180186846110520253831899921283415859847829447178974883330476892095632187222749153707298843451054557979736990548709048396470875292388450786580110093298367453176431956437509624]
Predicted:    
[1, 29, 1683, 48836, 2834171, 82239795, 4772742281, 1169333607387, 374187350956625, 151546007063389501, 75773040950429846162, 45842703551919789963419, 33006752871802327976148860, 27890709703034778825983476193, 27332897866599288378201519251201, 30749511959304846294461964223166204, 39359377016216319919366837843247694320, 56874301597227403419064274475373166713941, 92136370774140449995346342392706632479234104, 166306152240707806832516117443270970328868437401, 332612309088234152372054734653859060293068498763705, 733410149458896888871228634317288630006738436386752258, 1774852576809271793260834766504871877973537029377235862710, 4694485097547921695735642256154457174513424138647938264987613, 13520117154890205184104974416926285266968323101536771760549153052, 42250366296811295102244912882320331705454296672839377297633633887004, 142806238603226683402903389546280198738523417637594137632800596405348637, 520528741273589642366964154979336245969337550083634212147090666402445185087, 2040472670892694205336595323336976282281238865560825312959243184897606425732062, 8580187599053046073908991692113507852486962738970772168015486976876871792701430540, 38610844263754463029013602792397296114090541734743103608097201827920695897076651621068, 185525106964120439985153783156468739831866596664052314094028737622368201104062078545729499, 949888548862885535966314339417795035201572478485277277372149124379562746775319588937780398038, 5172143154180384681643261577680008607777675473590716492383846348732438478081560649768095435369319, 29894987459100521955865273565058518559360700566812355399075022406619056885063266049051344232251734350, 183106798334766215670542934347219471252655965479659261779069269165794476241939318209912644844487456761444, 1186532054039701395853466046677350883857725060734878143184267625279765495120518362140880217732593837376705296, 8121811914850588442043089026548167728309356993504726443600616267447272359121420519717549906863730353181046582510, 58639482056445776289437981609926877489902791278833731784240611113713191308639958655532246173368770458719625730372339, 445953261247521716241447348657419262965791951478334555693630012740317442144444638373307873679688727719684044786687960723, 3567626091446160781342723196495303643974507549074246227519883396528554814998386889702461955825815976091691619761494329043308, 29985897309481890178100752277310035631445230168646892017385950574496405969825281860252720503918614344408929715794970684064807660, 264475614354573749738614367974986971328758921610668148285588041865150762475967433983581063647001748894491902381209060951582420919374, 2445077055405380765391208208163655765685772407766097499938561261401131603148374879964841395282873505830010529244717994446099729866236063, 23668345902334895226136298858174514356724344437374890199647730925944500324502422530695288205965057892048178034327322513083905861277492838007, 239642002315475859840305154058821584709915226665882372332902108957156093816723285971031457084614908829940547171564374428190502277570164537403898, 2535412385012263855856839295727904080539044714575564726181558447541662144884073676975739392709471131202620073684894082196501655685472903007417867753, 28003629797559220294651042358342469804847825142910840627608980549542384112737276609361366825902309858699213369805836992574496413177761028133316828851116, 322601815320703309148802171631789404146178280657562982250379721059510732635851387891594480771389180253662253253551160356226825392234924870876495347686061898, 3872834793496545875261150076452918375516553316535835951771131829433895336100383342510781060218922350290160449466008483541928283580198567221357245590467434898778, 48410434925158859747178442138637523126592704539621515010290407512931286122445006434101791010568418994054789223398351109345126751877018598111664067298372843188446237, 629577706277628908139438892469081970152571816175357279503647062485497490325022707422560132141673290198445717189318310088131578967806279487661770944653716190184712623925, 8511890589804512740452114975166189046821184860971459352343568188847972367519908660553878494903534249070840307823714114379968776670608720824668270058481013416266023198320735, 119549503345683206086397670074123066529944710620505878984332533693570659873241598087007953789647688191250391561090587702302855998303446256959942824436682266349450940918239489564, 1743031758937688748254576413763160883620782566899219879683632403332696668893491618025611311818875858548866528387938552177792568499337742290746498247410313925939457930000265520774985, 26363355356106169650908344732465947820657482988531513600587774263758537729624436356696309238297005611272473299890304993708941465867080733934876172482261776755955796943062214927507820662, 413377412014870307250130144481040640645108634753402393380416655450084450231452174017524764892668678552946593102081170308283676330827836059872746639713766413951428216173277278813327369422570, 6715316058644083147525840857636756869252876575440205792544368806393424951268862281469504478605899336396073643737562529200003497322525240053458746950481296315382386051663938463499033202717155275, 112951616113520675300261717488383528893954774354854410305654945278372177601895443750721413158039584853572797973061432656697182450969765508920345710946280690916348395698494827993524036380277161543130, 1965922878569646269849259991995922792562617709836967732987554929223362137710031299350269963498212948590093859507508364944688401732010183891614977099926095882186862408748953092272437352580063542466942993, 35386611816136159792512024444264305557600177591964665433023562231114767566753433015003116738813189960589015885361363868555415108787803017565232346280675487728468201539420295589212119479666544370742926566385, 658367912871441496850664022487984290013838562992971743165615961096571478927371590714789237734640218290499836425674303618858881130877212875112790161430901500006611477873486114334815304103990112978001059299837892, 12653831285959857372955829605646671351554111141331371380932891440550677409356900805260078714017899781653297016756121662092554209344418339665922714282786319512073451439058535400409025880188562866270511720561318583697, 251115281880323653897601160696290955233305371949147073991009607513372890983871370749074700027539018591269047841818882581459663738707583238461938056610351497406477032697110468003235945804005765066915925935460019028385026, 5142840973106744545665994542512473600766323257386565061919179439700953236108290007462251431646187830655719783888783481155108314338927464244707027956660041077553185872012970063441561785697429097948384457943697935335095935350, 108642515560743290556122190924385253442285362738957423424568005263544323382224132422776544120434559461487296105285459467737338257047683662764937246176165491711162613044835177708620076845984896552682787290474710052191748080859288, 2366233988990910701238201084176534979708012679253982428511130019214528385078492410775774494692492757065832518728507000902603825437818373119549537225424566651236698092079437229160608456484968649731028517761514707026792302524374321963, 53110121884522520772287591850105345394537169264098700723439140496562149383139662508850678420280112531155066994226821666681113898783733955669001059483832566340383293030620918056940232592500943385690321596868880991611498156311697299457434, 1227906018004958238916920163298526777936060161911079794244353846346857041079579120514605514647108179583430042392786359856145397470800573546799927629377231540045905362092024715065861666202748406025468597815653065551962465418438093071167261167, 29230302759377742788787176092716902294421612812185097534799867960452716507777093273750759095143260626871669732075570122378828457324017999640756827299484432455486002743736638096209806790868603089385569005576843277593000996410723126665103279608803, 716142417622296212868213789113234394260451325011907177629897904948868037959779600079459013838361392710457453858471897175321102345240518097924264748077367561293367517793631995672740619448650228064271417865567925984109282491376466109272717394289491516, 18050369636581670450404986903736920457936322158114157212333197786275653656782621108844695334975487059536703513613652756079680639856559490451477121139244370893659672405079846602251661652586465713724307609687351813944641271921805814149158604270462454500340, 467865580990143320541473596834697280896282170258603001124397419642902413685873150779584775305890444219835263304955566296730765201405926191741738620178162215064733258202077506121941292197162588792076417521766595376689100740214724515126419718652507895569500182, 12466278405729634113314984130816741746792903090347823843837845372581479987814551111519058544995926164798818632672002755943701550518579816253706015814804353057923713156488323265757205821035200762646882524507529942163762620920893132951047642638416053757866626246654, 341326702755199889873782418482052572768199109328538040766693760370529535845320550158876595269820685085514498003368020096994704754505887871748172418303150465377007512374173713424568477895105165694746813639828013296467693471309852638851234786725323710250557252249190576, 9599813515156213948109858974651928397516489839822371104434566328338981133950726873055931590117294215296707605208709813663602774633060783733165080148158853716259060992962618532152499417676595529445223477122121307623254278109439773746636220149330364585975803436280039966622, 277242614322202599647139041528392197626619023584177960513551039256728377258635538618135837877309517401845503600079045971280743132679041549404674460359724700829550503389615785213487521517033874652155753567901953017315215305701511369372720520002808755384103883637801202291953762, 8218857301706368969333673430889834217792444699575247715266069534147979839005484063554776223912528066625986502474949910094055419956109183805258207932340208628146035760209303601913092361504319855851165048669092663134960483810550580884137933240764255425430985144546198504753800962368, 250017639121462136538440635506734642053046067730651074262293552671262970282761291588447004764984947862112631423260354516344230567004338078185173166704413178011275801425945868177755446370467660290851849429900411037795010135687656559030110690329852759272415808550737715997146538125131403, 7801800428889262139058070017941245308187958672874111641969746864464559336207084836156798708546479047707003499849244255118913485857219172514022875297457519649365155163599755193198368876166558432559630946977145681480837502209892316390490940558630877292852244868172998087748504538710596328872, 249657613727581608938876517280850357805848860557634648389665038091144568167017501885552074818342917086186423843452224056595985978885316402536286235495955293363490129960333113700172127389551812921539036056904309925260555208688991751191805804864064457000394995272441136414836366688703414250468142, 8190018018429633205053291830127407963351010701558488080828814804727772211366719758444512170417675181537610807612931734866128162693121859966156193072901885933325806301612495142632909048806819678152403614051185775332458262775126788005376724198818609086695869885256286355004423034997588400026244390024, 275348405782648873399349983633016096182505496345004282211094444568968007088724052037038858948534338076688901170070989607216938879213439687902236045288233188438120379730498551694834659705033718157405173076614756450298031061880988895773558049895889025358911053554516286221985789466068145992890914615173564, 9484375837282015360125304562203736924935647700680190701984744385115799568083482770143113373090030481924051311424030306991827601078436185021998808049424953538075175587447454014352826782969198579146361182746313401762457677219652810259198843028728677288112011831091287814883243727255156120472086450305511778124, 334608779542587459116918945828349624231170318691693621970128975742731771197330129357895754707819118961191653339381323768410618118514096927566754134744453266124342589825599991670778425947139452773534023933925712684139206333860518182395499335574661521032876170559935289508539365914490310185803640276217633087157262, 12087742161087552852802014745815310229024012903030792654855382080494241050799030917972613347880472888627048835496021513032939818437107958579860007059078654333440993157897742941312134802215151870067083656720670619923308986478504839071033328912448751482944753747220156590332352685600765322841628929925092424100679757727, 447004705120908504258741615289981787918474853249789995152036838894469231450905509523340382643665186894774999878052080823346269413343910658498503257876900196956978778910736936176997163493716065294000979820571492826321242048860448557380074342512535054671560499630723206647233835912452805893503092598232285753431714569664893, 16916893065439721908742048302520648289588649904330532399897004198476767168633016031483219435379079266399202087495536732500873146557574319772451809341246230563711329179065816282467856996572697534755089516597655544365238561889966307682537474861019456143038870918673510028521118044133585090598254025849544865027417403683228562455, 655022099498905631228320616003812474673895044612933610583668707055384479756907531096426910055188635361382391042540534553775309153156394359468242133357809766266412895324303165308413797182033452676327475915547597448510349534860418638568537942043446913932471162137760586709232272562570981025151359584229639589750605117812697603821973, 25942150250844234974971118018277532928027260975486119353956429844050940570193410040631662110168141627480572959783629130412333329488296899129858542273348997470972813399810165392141591541691826544892833925598802928595417062365958549415225667752861473170801356962342849282896374604599287951188013810834518853770606927657572084146371808782, 1050657085166469539814095897864999201540701985892453334330934671023881634282337378642881288029547812691354189708585673015505505783762416738683230899398059310167263495650827397218671159275279128370182367905377379451620475441915880690592866417752762307217937700463023964425500511338595965051587570239077473128645465454462231687014866006824577, 43502456611602749870187742134341732797136474878932274934076593123567516098713486201941394346694544350531323979032127955600232160717477736817797822632761904443776083471169462375243586661794488261175003432626467252519607356316432721998019156548099559239730814588449544136733923938819581038506030466091728201384252517513114273634450220244949322869, 1841023963814448560214676437775495348255956912545334548969822000710365701634770840786619997650405304827850280930589157143051669313471326363257056209673736305836669714566927120499121928801258734074613961881471467690818667878568177093237865060448104503740112011505118813306395138965034892498907774162519193680832408640379403293410609752146851713455477, 79615081315623596337146077711495788186235757035680374020511052151193706628739401742061612832821254765846993402612482121931184793822360327511497392957424574101097770026272312610620758589238859618086729042437083119565006703726095951260689030689594614280887375757320914851203332452679857839435907349986164363696325771883145494536586058233036303641338547196, 3517394292543835847492288697977018777788911653796528678614958438816012660992923425364651957515602822764167033472396590795117501181955407666409777441744731047719198802163228534058149871073627306531340399031834310540269990507755287933916051770475203517019477713125886018248558108752017344228885140897909037057917706577125372295864450811176082296492920543985827, 158722417451878646105622407457656615271003541411107680380770319278104266613107708586724544864386962775473261119819232932288756000013960768776450263137799382138406999359206190441755826749151334929218723502291383568839547354499983754372973372471753443239078611955130736844595878497973765105198756276064839058817338239436954275081232242796811093189590790112006112292, 7313928996219207536427745492393528172291770467159143075006276819403950422603003343561609979698499702584595401805063660118536674301425786195864196955248230710622635478885962909745308793830665908028749063428621750675374616163487063802629063919476690870399192475528043913310706060543386909680392203203452004047989498542608162439254904376158976536792761132283042910081879, 344083789628768932133221417061876444282555585083903984328733258745980191129070707417578701377253284949993187201377707118315931377894996276533028679458379305153796518909740712711227909839183840805574884585177022873948683184100316415094684144611089925837844993962135162107425163905321326634965327128625974337407406567790787994113890834882391136150702159769179370097709277063, 16522903578048116049570141503805467522738049075038169026110252136767747112909852415320731315070004885948657540252857448901174531502421156651171402352855294610579678539174551427238939362209703023175855609902942975788940478242082649519821090418128916441993282843433150815781495594338741391343110385346011044857849091998048226197171570160840737708733850125756735812625499922423238, 809704889845723520843818814011494222992807149914998559842552138127240146851440046816116384634577091470027632305040705416749307483127824856214846453882815416224370069086529665610124432664391829073350822757289426433437806145081024716325906439123182137559184764387268272838100829601655124548479440864537486678800571261823013997194319947187696218435516377293018961323663930467014508261, 40485244492451405077971421861070412564678412170977308482877988596623109863939679811934917755882061886652081664111521846239993948645402988125766534260652484834747056400432280065897967147491980847289638168096229877770919737011940640598716148451357317782140527383783346470339372988240571183367359457140305437793488673539729190779696479621356526623384226241738286567440763881476980412274232, 2064949895345500796099414783121359945475397603107359076099043279260291937799621984123101272681498392119130782619295574067520799325082039879484700543887499260816895546518151118712477593225255457696843557427840787319243280259892426493985844129150845403766425937205505079436365345728953905777965586186178699061236468869921615804053300269792183897328560936870113943771256943570017187219799822053, 107418693556269865574782257067757177911287736378004411414858283431070170806264013161769411340302673002702693722509207544013133175461748047360651014333476403060054244416489388415035165576694435646129919316683431071720527888901671866776084206114100665633844745074823908814473679661980372109827030295202735135529641752160317441122340221120664862021594058824447878592644887053212693725070819884493866, 5698024599712383076650688911558202946800581859137024562754627150194311805362549257173821744780560156153427479696123543129645538360985131961809636355120078135698125931585465002131056388294518257229789293043733218261821623102898342233913041339477672178733225040394679155075460270479810638038871461870951081246559931200249247099964843978899583142535380965850882000887334576881077600234440060066373236747, 308149170353478548838694928121440521680934670575892670434327971007651250543920800085712818545826629892280268419300040959783050017869894524720258865309515469947145769640334776588483004367573654712301374541325572437028961753094362808480225658973337936484682239661792755870661890550764252378815056851344755918960141224843418146167640276235835035397550564768038718404375975827273338996190178964976684065244047, 16986723015789771905682699656281558175866839934037041380160301064299200206711675169537895781930824608476526560005852162476575142169645988421499366445061417769932792247953912901645701472925650633999370588326093983382114213956106003370833376043609187475760752958296642096326376518087788557815321062625987969669543985793270186557017353533214357221327113769909899885049329305582131712897184354494191519192448312177, 954314099029976453306098203943093173491156053547794708044725455966237822056530319048638237859871017245209626574074814756040595647088664931575210770324307609421517810659363522754458667018665722470608919413596765406608361185686383965157328149228834205774780025126206128817481802181178205428543645339637580144066535422988184564026474715327752779979400978342571671436109421504626574496858848535447737840354167725889181, 54629710599129756490215907310009122918896383034650674790375795094826165441984014564469311582078390174556518761162599934821748123635128709448860753523116852339139099386802113385760798663592357614352677223924798897274436701339870453954179904139715206409050265598870798376477275131247774187683035076138724500231443848042879597197539191682273818670605055334391796768462045515201033577685601903223828970937375186788081758047, 3186004722150083640167076681479973698666547180557597317233492246856602019094713635159632939606150957923283128014384398815230969225549230368826898635575352705921595124473683676830341662530654987430332077574022132053985859212943174144845608897994462394713115510149985517104360297958235762868092922357341372532568523552528020843958524404873417204085684538027464781780619195107969735857148623130243880108544088836447170423059273, 189264610519826908649621793533870277085891823544683668474610200271217138312163905381446838947619629871781977248818876943372581047346703847708190617202765394041355999216507243954095456677181823736221742734471506564060835461015296936233634776896867276210590564553937415016051228072470254898052892843350552630491166393933628397942171551420106625996620858960150949539057424540145474686256308760517143219895986633759762279961543284657, 11450508936478491652594391996437034278982636903532148735264440728383486797402794475751122062105166088511956450443753719874171920626432227961123252616847550872552722977197975487627081344213412532973512298957620075103626201137370790634979841949031793927995224268192423749472462803085399151313638523957872915257055033856007868289615269959497892003748956668944456852004132955422261393019488223064533970468527590252543291472550161180139947, 705408603033462564839337220820229819220994448037466417642674732950214345597883992762541243152938728404829704425729627888062945647158677953521094408521327521208139916974617820448748393453096967892726755120853749976618995783807014363023025928461397671933216667404251837739890146795031431185798054916154967186242862321334420279080249862593085398615459940689391920754742997651572714238948864546631663077384967812101587008407531618961634437499, 44243227582361008753656074165314407047223245301257952972615810578630876262402708015329111721228666349676858044514904729446841466345811673393293329052110548314253531582581536153699052589946340766805156121652924986917093594802372603358959282578054039143910561825380346908297628076176089781857945068192254171599347618680318545563341913062995595397228592944357848382853056320313820395597428689659554767348089948768480533508860948243707195501902815, 2824708865002081157886317741499005726963775439791743161944067633628464177565580666208579916538857842415056512722893293375655094550601115718300641601770237730650254135582025608626496701281661722658914988762972825481056829498003664664849277647196063898421389268165596006478883762202576524218251754482148609664664374972930272606282134530472265733822723989086645944522628530511628279065338832162455414515556782098392533182334303231844331309376167829316, 183549582048223332127017497094830445420258008841239604393838303894340898842234509552184423924197869545053430673485157589905461945033559108729086319997006305010040448364455581343133804212034124813726702467772405393808659842069024564964032136982861278457825857444908415885431027805715507000510561197318945998713331911807670057979724667979239949428212846875738223588627400582670632383493031527912821507937191584677652858370262677807953955046804676737566862, 12137216112963330522681658788072935531601508710513610366105964307291066437104743589160504429085050035984387301913902189221393395405567183843411712176917699671847796280540062308798044765334899952884040476530658263089623482713171265266924917794207782713216744074835189776669044939796232541819218046339830536812589930143627090192369556910181868912727289853865344156442218567394509727493360433949020877274629014532597245538850076380332123131659909956309662383048, 816591900081755201549196342331607598230760113331461377921619964839317418025427328841151794105671342489341628272293661969035047277282296869890201711717583922887411167418615051173557068892276325762900606405928607789529974859992237380969648336133644725574385138582996273841921864376089068756749710045679234389141731069017655903244414048037551008275699302311407017318499174038342505850086657516637478343105254076269842607307950835923661301865388689748848608206793292, 55891632601199471659889131091251682563366537799122314257234283710231405158009271526268572526957209262572603559370510525110893573194624359647716626960590473586446957351162387487664199582971152644750577304196382196705923217010883418161947676651000004847017489807862041023579018842919442336182197430074970052861727411538679184196227398921283764717927519677582264324756687455570952971604860844046708277278873481722722103877129423559144143758145179494916865296032852874213, 3891175461702427487301157198111494651437269951390410434803324233414120765785684444828525030588126602030691705078708346387646628040123604251532356118741140988984348898947988223394729160145888571440181601458515692995733565959734398274638121294044058035213202087250256865032613633147796675990564661935690175334857862682756249304326246901910321581425144013243749270275250470634125162612268907774820700243109726698748669262402613541130903007390573000689208676229712713782427647, 275514678566310055823242464585896892501665072711251511153889055659972823205574978756066985980088678615833186760136369705972029670860875274434745318345850661060840105080654717563776087154614213406561311674839536224951120030188287542247608341402621022264371614164620130520296914522118642961519657294542947885005409034923663185030960073101493322925087017359554990776608708433121137075363136594589497839066717881907243001760742447610673834695089051933615766366620580676642376544777, 19837056856806750481454311012578752570104147690638752719341598761141404306079849476818370360939955902261557168413407716372308705855213408326302692956330683897369997074048675905416444843660512774940296845350448121541968272948521149424825587233277364613818456703479426081521796652801147406838980297507013619903186868642294231511252094007510237974788851263066502202692858251103682290014763544498879418644260526666014077182596361805155204544222502597615256620069091881020165383838797563, 1452171747204815149809460441442961817138985676259339356230238526657735750620459453869543140940014984105884471675817835734556646991519096148848152896334590568577597500773178279202131958148463507831278101749057747395949535654460549586869053704670314173590965420682875614514039653972607970417830351381162251526785876932884813755259917502026654409565091355249354260833746845220612076159812758143431898722800112497883632568762770327117963132524359326085657001797229075830797079491494732430363, 108070621427144942275515183351213532456176582490909413150413685192551822419872472920135989478893770611921725299346015443303520486456165141182978009105271891531219647678829845547026337996764526751522245125402093109119273034565134168065848428746030564300551756153234508614950236180457237590075272023612643777455429663147772977934002849283702736684485821919745377298321755813143302004953459578165470456594217809950239776149833679852172884861849339117329204750779421074312091540027695080777768538, 8175002157868185432798864866958722137781160198924346506350517520099771538062291716081251635137988734369225536156069049360530724561672194600652380410547545510459066269547828361533044559547383780250188553712921643009644951361435261425084686096451767025984101937086147700281023425744785620866874911335266490182861198425941627378686627759718213170985951579684708914148210635239970989475441133336341750560154418418424100163584929952814063162586934421209427525292104892546803441584669767389430193190590, 628494165897777633343150480506266519108673769742143893137993185438418933307459243764744952103925799619910041240742473396283940938521548002240543434520822540853006497799056557722392964492414367751414855096155240472044423966385846713155390781353807400802383809861090710650453746363315168824023224131762346410610083804159419971447200304892410445111881431129099823109389799583203177379042424830937901037727296449755172383559879090386456737873975235115982798943790324177310985855757735035770584341853670236, 49101106710829277622196576773014462724300808038207240932997112384427283304806051591425197716847853108386575881807959538373931438216880183471535833378744480047425513004634966102218332977862136837055664624629129670308173995517971434076156386884666880676457849281605584585063388116236245751782772670260868312619594929121417574856720056838749059046443482512328811293058555763750933917819609207832827047639135769141604077812962946737750612086026827748736851642853294496554757609121447477202254259846433428733024, 3897645850710616106585660912125563848519333590637245338989423034195980551794539446226597744317071031744551201431407177689779363862451853257133383882193947488343373909140090327430591720653509064700815279869341383507603766371137559928762007060056883899060349531535774985392975325735487582588923757809942831609170130762631222995334052556077735230161385312027961686721790536075036355028133302547762211238665533076982176906711690556356610881756956068741350134482043586969403883807118524437582861678639810845381839328, 314325649630944258803087468964052683782526810666738294520583179970160025712733840596099928252587399636274354104856198584019091125761240189687008988718676846641378510792739793219456092667237815947819784755591033232219754004120925323569326795059674460204168083881540824478761421006812910964940734761589003219454287937971446907034473861887697776981551918953427596072232567949433185243084368718750264700207007324817157859548391088679685679415492482888733007010648789729752720260779047872632030883831405610663979325746190, 25749557217797404039357602145867896331340577297385758380803027582366364173841812319693400961875605073081072205705324094264026813598062197619335181459405361838441367818893926469203000066983173380263002306745992561757421477576239356931573763238231984960082143837037233322015258850951496285980253488408347110595585446250567572270847155195491249175923090507150424492987510417095080523676557706963678975667112432324323646331368121241723535940188680220758734153599390652586983809286218069568259083475637363732457559887357430419, 2142491908309269636037624823436884728737286165686210916079884423901805603797454971003598991688643440479761677989170982380330259541581951905829661604257629402997891349267513946527343680985888864303753942715341549742542463601670683709027416096776389415542081866799474999208524115208758484296745231122899782846885446770157965454966158841893829805216693906709323565434788808875111156119402814901270152338744495084260131995519446991945113715567582747686180029381157710155559280795301268433936912140378252050008987127874582589685346, 181040566252331357762239277611488741133268895587648980695653201191862596809980070928064436430918781497169674136800956258874101731988782834608745345541456878256855706411862169772475109708455324418797847954679153278681345809431614477086480039846309319176676933013479346231866727991463286221928445078238725908164961383698314122838875557311342827426929798572137249667756196076816027387605653863185609085754399672894343556946964991175757248359627846302099048484405970617018600693761318596585255368704795060406341238180267286981391409541, 15534185787297647052852370754660185515561793194514535950160646675718761603432262166164228929565700542484404526258433240174289024169635910051401729884916231573213149914646916617397971169805210208556368342715395540533095179084711302065960157862592933086891988583905122645919977076217496007976453882490157427932712067122484877255000083343610963359595908540567860325350288523191312121664305504968193880846677410133758267186920286273908518229787524708558994983049386980773289870010293448140267312243271710479848386675264010033696874495586767, 1353338265790742530685804080735103235430981974175297803005174697333282550293987335952666867305340076991778585823825383233505279151256211557405306456320938044245764899944773131059316264751100179352070623081144031066657488011547028528482143002057933300528865722090243655617195973684855121366359141683617730614514835332469707971483624792129014973019142088625688126382184842577304052918764113982129093731659396645745099022725210064099174994475875192369959853880096677465608452646637815207235855807759477291009730803667230412000673730956893318385, 119696002917979021515884119718006073106976359995524904361187522240605789045531550241141382448491210845850381087417442069156986694534166074985461471710142972314932588091203528372891955732282468679860090846446042236282366606433405473382691192719765490899580738813481314320941883777112800510572577865214911942715728200663987923546308930659061256231111187166541060838177359907955298227491756062064176909419684463256584511712553446729679504463666213857054238559948150600724306413736192016154428601113830332253305052287339535042597061894134285743776263, 10746307141986256090993022108063822587430420460364128764100962745291477103920757525054852326195336931138248259379022863788495051877318514384965299673102347296645998042740534604929767943338792547516280002308493363190454336843999035101876724450503546840143895546349940949899014890103345408747301974480534787811671941516915185293394106152566666038101766973162945562115934179449526561749115113378381236614133070318128839526073534260993052851524812194970477860243264064320193130403336874827110553652829805556625305783096222044211433100527022992963970901978, 979257238314384223350390836052989048981211924251473651110148562789583536444709442722812540818928902905146881605141979804114888950981071746993178977711343704604719482550767753563789574417287411305252737200582643578851973979992985159632097296836451936865295929741876004161869815670452105066743172428320751634636493907341605357643234129993721212578757302512666830549048139590028310605372968767549373564700388454290747423763499583693825670330233174262711952154349321109769807530972400914277754327659704391355731584538371419351265652656210874396020620929736185, 90561709399393269939723455224731846529988830391448565758051569445340251352945637182887474050854065913654714029454840941250567157126350802308085945640987457711205504417593869482246469655382282208857852493276914348777440063693210490627805762681301815742262152485765045038024646589599726962529050831823656802160010418226037486574235374586623706166875877292533941481625699490183729445516138670459356619567744727463206359031399388849461421038176677579723872013138419906380359330349034938981843020772168804418848864331907304345304284484442053966353744545589090410138, 8498763618593209280546737321428831603563392949026959353741367590445475220792289770599204268307675819614510060743132226099580219238654616509397807844203965625679696209547963247127483943010545818229077484102413287916497568204872199616907986435028463039185412517084031570788619134413846740416571272429766570207672022600865090072868181540911214363113632552784845966828657687127453025139936692730757394728061641712030589000194308839451893185675820421851159273994600650801522845598282335728539177999066938781545701632288831717778061390722400800112293513628224398451296494, 809252271763101631964670423905436848590036217523231046695075113018435915519822558415535546639727090631018677447103476033183585294319551766322876297724435563005053915520339708974215208513480451577391470226151053076084818113661970268273378544362452321335302384338641936550823944740031592757173160959041568835694991273229446416001015764344219711181670118532454742217167784544229886470420306153167038971444140803671492863783018075801532453117221630866045477936285612172314762023856707481479826869208703497885826410907838562430101696235784861320637820642798032615790344118173, 78177815713735575340253412267431825587691015927670320826762097907201694910810051602644986229681909002411772829882571662334931424451981882696690922414398578196075923909027163601350088731014041499044050792839258291653320712056764260559390541469623253167597091609100586384931800646148799637978755277328905514727924463390673635209151258058882468806913236148763859670830391998318555935619755496251449545827229980574138248981384580558132181545903238046833573902666894292496356798629796095641152072798673270319728367899000274551130397614626184019899802280464498858212658023740788251, 7661425939951866756714570842436637982050186966973048842576422959525016637780945313598635954497509478998066073690142156319159732996531250113520850052084795493913472225677555275186025407846334746967127552352371537369355080160677789092775001423082174371455675351415681054182878191440802535555775385697926834450186894332540980473877033621313346341394241569087298748588038806851055394437480537821716486249305445517490149405916199558009689634897099703254813254110398822649902149209807979958717593901994836397542013650515497094660120670250723903209007658209239729680860472273852893913129, 761584045561469767544926351296954802948021046980946636621328262737164151913417717798349074089467802002566459537455189366848502844777883466644128623418245769281081462467208417051207473848534764307593655061438868918958466979483192083718056209798784185532633842727104123358489436310846251228809432354578862051409685717046292365873765489078491145251109352457441465693101542699077603980499728436179214943245196815537223407940306471312048124260195360410171684844325284142128181966970439955588023103357166584954392046151618721800355963840111013836893010406274580309638449422681727472794451991, 76782903473561335667681952672665423872954951238182773615197336919883258971682077242498433546274782079268451221545091812202920579038105927536614084785657966980412187943788413679114551282952838496701777759258824000693564271416350039121022580516228738496830300181292100219477663286142497064321248677985512529668884562122538089949453184358709512712254262846740898159693196821882891630545328081459796059999260436507598817830214164278567425687617189825531657855464416085618591466632846391175974686322432335052158107757777622163253546704604077771868304885943765212579785370299566555865403219408064, 7850667965659604527898515165475032392221026925032948884418585605937249325886467303406898615685706695611512360195846908559229259284638193028427106283991026306803280840013912660554404417723073863520787496116450583412881582909418964763771493549663052515928685260116858576050473431806034643364678842068242780570502646544088904809098947774377748990824426553333212708229141688533787594224541178807601601500331930288364512435452605432312058652516517812342674534777484898791865369010365786132689422991537709643585228570945402293089912160587071595867472812181060784722501795608024905926994388024830611735, 813957254680121012059973339409699149763480692586533883053450780440346213836519230426752818455144753767295176380655882835126063851327141468319531448465416094189264560041117549284779180680077704775966864531358469944909082127164485796370441993167405719438404342897366107582838724994507155596870336353026531272035724897369393793399896530872133995815612027776755925970077555393292078302685727277317587710786774227158738624561251123012601839455958173906519170695073604152959104348478187146977745253479129560057488945006814852162546659630245732689432665040348134277292484538171826311582302918163503124819578, 85567256398301863930498901474602543913130563203967795331339068113683937699260203059480572573224036368170944773537908388975012613464277672783191696575295329703604995676438367064010783180445268055385399901883340446035232435055496787156611121185266777935615105185126499544198451024192740410961035727342015333366329667977823058024571632496271699743042957516519911038661873443190375536318345959988180657605477582709375031908990245082116682893030444815733286562853010391992084361177161598784727647607391353090640337134486826703042513471512961353532381819924304324949896994211330494767903559140400296258898348365, 9119758186936587707402162789108755386010836927304664891431833865056800181223045224365990926432483226383050696386733941688605172307646865487501935003654699057950394522031713932641455008010793513046264125000096060796869035051125183754104794705489914301920100415558442625139146020484372127281011483406391928040820584035487585119446306192777294584167437138109429187183984909424340344903229121171038141934696715749485648258580445653896936138924202629279045176210699321350400416996131466104972698621358631681259893224670712078674701324507293521467907595002391482795902132151792182793583516307920728663753957907952793, 985344273308145709025846963337898325351436131211402113862806692639390812778296192951652470619591395586211297772520797605755807803809467572164930769325539930441252385178519286924874838769533061193141058188733238752075832854316747229971133474479532696337251581221703192652105470555643499764350305727439269169438092759484095111563758622381102872478998444224741051750494465260104293881009460978804532684517899718851173312239204352933178752511576470923264166980798840056683965505993228910829987206209895588897013540011184095636561076216615307530207647267703676070383411203884263240233488369793838690102101826356996923415, 107914904812769738040260330963330152719442722626664724624628269146051432044296950404640809968908771204915594326819336204433637786495433193721798129109827065175193898380548394429161155274016567990305314054404701227890859376777721974430838032609823453299514508812576069472877229261099610864600323673318344782973389594208163100564648571249661131906013269710035311860268947275740568109830753060620991535291988472762193316803393644843097010256513104664022136180097082511495938032766043297996506492514006229075874967710682043594823403608315834841009066484985041114005434380743971416368694566413831912774495169918995018984221291, 11979094008748117819973246667504100159422664917289370348441501299200813755638521173041504091759467493042055490500836867036058786634930634204684238016951554247418878823494125210757883163923248558211959058160825678984499564842379321951925489549651916416562806256755692844059701285085758985035399489757805884820051308342455924124215620659028793401068486916058301997372810472556672329912703040768602356388367747752420409398330182507635092377570768584253344853993309289604585117032273052169981352388838268084112533647025582487766936911471545965158537702397510848908949778173211952518328311238997166433034808408603693772453262910296, 1347648075984882687445742048347813003474805337546517115683846660990922402636973974847464523325637698367023967822710251503735409071125920599936946331531861840362022714744257045532798845237559870500672171163028257646118899052953612782103469054165379517080714526907012208348800235035300400678223106670183830866744561153746114061268978411477836914761869185602599063169174746908360763430350695873866636780762178232382575980463893487554303850108998779130211383438674109321716472882874024622674675765730948536079420076817550529658518282831181077104390930418660030945490083651913047554183561490496305854159174825386412183867118710868194808, 153638618902735882530654127637918734352982958004735204733254086734273032362291799550535779214673375498304484454893261398117135687756598384529817729666718281547670754258309215726453448412306409613673655698329857433860757442021940198500807839334375254027234885576567455331061631012709751326904174673186197700809291879000508192550615287271552092968480067321849925315251159749747091420788102423033362635070054396643625692187570418170471656673448823645054786971470765971328202446572348442783736828236196399460958380348208109945951334334087785032448151240691645024645216263881439369051605616151305046328840548262436429686728508988637511092068, 17748333255652915255704223263465567863827300604782502991164107606883246005472152120937346991029380604164960608034315767025114608409535241493194583082414670531304898307185420223843219841152352220448143600155937973990930411923730577119319595368210341641635156741785866614363364694906314685356570918777247341994003765170472552200511197157065414742952224198827747248638883704969528571632786070615592674602462859142250338502510651654292779815019139053859025035543843749372562065768312142589869870665099846722083405180299207571987992553653153284072299780516175089368190777744014731726340908722234177119608293726422440402314735333261267904453512431, 2077353665908899640083657255548998332632371750491689519842663989257670797251234927559571202091507942874714437736646452902140116213177170874477865848675537646517410046426920586924947373600006826743086996501256163144188906648148083029270774720908132429859137085901328293078006866828584514968557946138131962036976969372161027139491842928716372548897807474116293546437995985897277760292574786102004581215989274254416259853010958083609950507685323442040455394590098830775844015654331364026467739590054021604215246907037015903076067974781849347927275581307459818898764540855719088041340169304328877075449201791799499115635741507079517575791719777591571, 246332597703592568238364576812712587369673041964628097162974151060402941499135095151607928157783332301090322316448971194278854953071699017155387509228758205962231981165897132147606918134370908345332608981615372342522050017700977155818225418204762444801321218124371945075928923532263184023250213686081483973401724140761205272000750997813164802284386850636183804478168393535287760995395917672155136916375226275339345436611222853310977740627652230249462519775259237697786231712325499912919377756319708932936058912306073264002216628810488760563928371894322171687226643248757975893563831657482164613143923713258075568078361698301712017094091619979434810689, 29590703299157459541349086077627639282011322542340513860415119505936339889449781826359490982389590993972291148540043725601370976740332296798456583713036694754752958915918021451143712786613401799651466794734243938106759685235324647982329799865261738841248441213834432399574357605720069863804729238491948313570289415389823505682136413787399917635242398642664468593418147909209913231416433176563071788441522472978145252987467766285290949209565175452314655016661341447121345915609396444882371423068398375824363780205955536302182640380395936994837262443792078458323632519088656786736005078423053670407490151391096967626973195776981128579279881769873424180968328, 3600596777443058732104841361670848869481373064050517271676110639541070851537098189435904497962496252198841869853718484135767442059983370124135374664004583142817498747337380696208281697081193134302964652072655960138712668322142777846090537337065421622063397265648100152445107653624761235152966269021900592677835902500360658300509802453189288330406379456597645787489659877364958193239362407904934292638539807953752350449382637708239146436059063483272439864928951146002233443047875630129391605399430146279002941884005131573354109792153258489357506355446286314320962695766856646548811187531578477228372389855968319557473547664502540403079992116431878328827273810082, 443755549836158249255453259348686501951573400599173589189393214457248290597727477439126456105058930162643652180019447259787435745253359820227665093120012088823249873209574802113845206555823518619249218683545767035287580666840873660005984482055559924753020349755381303550605792340407738920731277315182512616162637066800709137439896358156575855655376273820321074178797937118286426334124136607029718827297749916536906026503450733734019384462961004787055578385348932110170492162620918315014125709649471380850420746862520490313479207425025047236664571012613462938702283608310601751163576570302230222688609032833258156290070037756373383033497966788240984010647764699231047, 55389567730572061259264682532739155764492042805000754827076076960652947522532021397569087657295708223014867350250526406142957087217054546444741102303772411298209217421758478057744699066451108566821024141487163430281764527443550715231327633542871765360438236902175956317197046013552764273690898042298505061895128590277291324044743816958651328698177416424394289007203872724949383000071988390740331544579665488206431165974703456979929556769351850506356094151548319781085967864307977412960113016838759622855214265384639319891333570440243234685904226554359966281701517054636930340300281024002268751000622423005009133636835202363114282301029206976553049700895331700699964057489, 7001518308985752318885126775734889545790168158199778108259942537074162204003630279794926358511905044823936816403151398243846524869167298407154123941238085392874161361460419726267895256577229392266721138482793379056864217211220817974330691993835799742411702001812966980600798144132763619540051474828696817111842298715737881747113582491698823696911711139827795172860135853018477059615409670055645597173139972758918194113123817561475690282132650344919231144149654390723048176265901271628384223744541234817011154633434958518580136452570100037751126430856932321303968398278417043084577215302850577549292181972543705380337947831164115382800945168141839178050405478998115106150414221, 896194343550522481615612302676936266126971143973099673124803899463161987593468756735766399023258652535322010675997221896151420973291807677910834455393754562177291231837547532571176583329746266579305625154340183920162914574475525729010850767181178164738340804765562512497540762175976224838711293554783760703080179892251293417319771629712729082060690596702321390978749853492660087835303371410873086365604043585295151755781138842656230252719103803879470035516820487600997343560667150067585105498132278762932670040722519779536911461678293639647395703366474238542872704768898015996417364373391750682709413472179348178827038629474236989013290445786536847334055357872389329410382395063359, 116151267895908953921151592440735536738937243496905571757440829129725966187996078230428467687519965154750421026239166135256935669269844029281156477842283672602051420694807671942498896484478273546200826227583332339075092142052582898550757033046816786674414745714326516401199130525175167552793430391351227886511704831811699953530087622452440697292225486920367790655066885912058199105341813184995743064439302414196234913325150637554095031329507123596718792526728446197043718192867986780635242761263250040149047341837885723571188459422607670374280658644363142918838811512264356359478271373235081183973565027332296918741552526078476422525236229439721877944495100801014065034996573760050931482, 15241369373306704997382589259342549305591227414294362528134676337125633899852198237172091855615232583155876535041716479099748414706133078096182561711834283484615222945561411423602344378993061132407347394537678114133151740163597723716808581862384847208942512674391569561207112639072112281105800702773100168290009017664300898642293723086217415037140845239876221308256039247102367935081302479763754388689866454681975649299275002164513665682926173093254767756615821957108896580821229801549775488158072220302297080336479294708991118286049003885906183913977821710744389798729099660655978880805761781136155596409276775834502197460775867760239734057876683159961749206413596819805042935518638675951147, 2024739714397641809842909143494300542822988909758308438169663995623598644193532305284537561444054826912333338329241061377823496348785064315940561637782129416985134345409253255296642443149679825131491354649113682361758317967058140172448102210260360162644034456883992320602205053484781376416169880663897359527598832171776701376036194919177080645531996694463701561332821802435639632053127518716273263502836571399616253305482409962626567308062769765379132120318406283797203319936846847945118378630988768172078675576196211827958488824805708684777946926410508146382515537308601838355501577956589143271310106040474873684675133359828558818413209902958660098492110732086409944992037824873482736340840865125, 272286996792287805766779950306121967421148612909331411615143574878584318087836014865273466130296322951558485098169727425157031328491321232224187540500746755226111075816274275473180045336620176690871939453288462561293024930174205225391818332331647433342262344293521131864062532968006613601904282333882781547703034244169616221888763961625094132790936924099753835024378584658058574055377164131202729100738070380288014881440067026220967570381967336985276700790987903677710194062406608603005990471719453540660152926976514719552738548469072869284341040492257734207922993248179948330576688177142693224203866973622671717971266060911662286226188808406955242569962201758053346897690305206179891571747490753448726, 37065067438362448709787148867601718931225032511330150460109954333002864020892275091075917439442856886395711237484792529618162956629534578471964711158639549398413655828320548684213356418449219385033728696413022216790250071240337979142625259216963374149838251678547346102006930435546277276883370622859891637457826429575635061732921792466373733946888574130324639257508466361192361707242371859069384392890795729083389883744511646691635164518018798094442383439205829188857502629071143252568656191435205270062551127900872482414729845285067444263602473886613298898910550838613844045513743204406612761071761022955727460978780864503325332551084367052387165485157066290669509487248616492827553120960936165094061407750, 5106824991659218466347679924024952665370125473190713603965692468312069204647203832639330483209239674013205289017230368255478261606737497302159414296402563065152594625057487794553182959836783929070770152904381815122452753987549748844163523909042080065860688095989182637165198737649711038226870362330900353437456691620832824313056962254100640315983181804717038055478430674974146117618179648803154342882199876089860892341236212361182168069860226191635295489874172378778081820086902299230851658541502859160252748941583777813408565521446187281172095074201702858680403271256311354236956911885857423619124719846600393832533672521617388813231245431551555400354621046796938765356476147531766355181938627546971512631803727, 712121210962141665551459187776376812739109611991900765286500957204615472004502409484432710339442222255582446598183710924364117043222277754153688595894022859980434932038437275666129199922369756285192401572859508609130142975702798380695582220113993365318176965162875274945360702918282560099411484245752659489414650708201511188906537293509488470254289000734497243347568954928401592594986775868117787713621950849451794621919392554164595400433944481798679700532177275043974324966023225862527972658568780304532194308315213077597349469930966159346905476929024134613039811998054364042103078398555207258152119689315010846258829985501360620573026979277862836617135084957336593597952196688897989437224638823203376328433451917549, 100494545291007829610429415927016270099005201733971858172666674090262750245396285200280329820201130038536421290566716269509461996950572350128113400707934502514108040484652081405248542501345731810298713519063545582021067097059288745305115025693225812308397812371796034324670190387715922968953054079607203821207688962426144025000043119195255780554750148547437865158617960907921499596260332299304128509579681813058459875355323373031453156554245281986131228304527257622597764908126495739791893348596457536447854111141587231111380717778880614439901052018992767394890997929038529492140969229284092734650700091411010073004085375612478996921227575582437427583359814828467165213821567203673929960735496782844638673584879755513037521, 14351123540286586842493480088590999038398357223044342979199687474911371462741772812594106478728168130835675549039945493474388564917865917105271401512085661711976275779753819981715798805843530066672207013417000942826156708739984452012798151234539429181257637130460357397504721066571886939953638417779723377689018180027723572346392705040163155808946594895093516931613920139664886962595012384727540194744657335797325918422303059579377492829741805750836771504665877034857394393296980403558650106130710775135385917467636685215241286793404746437811554740432303008637639871295477617213936994598814881187169292869086288266409447631477689368267864644781178189114348432535567937146518706849637533703713671266064866247698240919935379114911, 2073737351572002943124372624740284239965780361495195826386907615761002980331423011127174246677398414492932770542381161579346598902805210092282015002908896431502383229600980564066666174982068027237083005978817216906138841739880818416420269846010389369784041658365100454600442759027429840413816727386634457805943169389424924962656252607862399797446872702226629373962608153506038624688555298414284030683540068131593475693276077167310373145503758302505056101730020003468096591346840713990155096193180600497349126588993782508373787043006464570368351310665643673289427154151578227439937651775364873679953516306257384537386818183177961910041838670564534528183390627487174036416662936464559809309620001556538934918573834863951749810078245603, 303190769486668614998564903031980704556176982074267084494108613593794748853244071935197877827940345755142324419668344603264158647517234505079623383132489772367291821146454499485038003083906564687144174281335732642284935794841416323875298561327251890974390076328996164813573876024526460057857465779258526215902597825479637342352454041610571242532153726094593742911987297696985546246213998673447502041670177650622575326225471703874813708425975681406229749609290421224039412295963427842692596484558815602768325022389072146592740626349165072316514187857962898485680885979214755794735005299555314555176427330393712773498400490999407660517500225691690506743606902587605053961739933093269660011965914184496018919368134689244578436192548000018865, 44847978622480078143096860008485494961116793864239341675353983307831252434184427091470350454652698585069707270102067887031941214359233901240812804845122317448354160233003912257022175954334637340237378283109350659690850593568908226126121842368366752444594631191572229220493412279074700731985179999930792225341118284634517392712108867677841839198890262883664904548647129850768117164423149326943148428157424096863135179860688015574914048850180266823525224087220803387121130913350701505743105387774952533590520757082124977078585366603686949747308816252661315846970902954471547997820873950348826417674809717186721444132082571468966025435511295953559289052110638464061931387994333542903056614414559420410823327864309709598863704112206070801221198274, 6711275760962783841524230590622982788849571061193033724211088260334477762499619891229399923682082258247310912906997025974661712066737060958392514461424511988681111428139357685662467650741233614046203435977558572384358352870239415636185939033722192372237995098483487456014777120761171590321301026754717723172612446433704046549313818424704702454904121662304255182951632658326934704039448918291946255772504708755671552878406545809356714988762537090704848202933349202343251984783996012447134886839378682851491968957154409102568774654464182962718392924154453558982723563942621279243611125975064204448088838362829915636222916712522544578557200065979151487808250773340348918525126523108431606099287956374961274899321077469334491572329138612078760944036538, 1015952924694803964933515498521973208484142811467315909503627640514234128648731719205767390487749188980228803573936323052217290362818012271872029148947688675449104822229944898410946444418960945505546084398858893574228703955541043029773464854523291468909205897735123403684571973352438186447890702882611842382145536464268262924592795473319798483299695373097083036163515076556316703829967456085313118160490861365618372456899062991860998181755050531738314750079725834573061834901354886082140099293341369753666756286789152385332390561084044254635411969994979966059107344350133842027498263445494994406997371261811599581409049967827479364804684153030656775764375986488101735599345503248545148563165975529227928365640896105743857114159408357717817349356534002889, 155567791593930207277650062333128714581080785050440460477378371217880450025110384376311700924957905419304290303020412672587383998383506196056500103780948499939352315972467061777336970631285751738540979794226960669616499199320132833093320316795371497256914851332817845446905703347912181740523327716558917227776062229509206974307892972832375936003407023733804577750608556127302861746297063482800939497858259982357584737941272858073734812557295579615222374889333474694445426893283356942669325538649738014312161363173740341683777472718008955203358681808125412405224551838237002980826057997401384510719901412776033122122476947270075480116931675473268217075011382368063768268068867893039333739581123897805022462168047709191452812476912744727382662412288290683486905, 24094339562073682962961843949410279379650303200024060239256062792802049256937472662479569487662058615151437966160098269296095035505161401522292202052410758381680453110744386623654801971023599424972152864992971362171560548795101199916513570227936304909097127239591084754508432172045573776002664577345462661049789539938102712183444351489804480397033360509092219452997759326611232653837831900760697960883317494238909149561012626465601519717691331405929249664517572621755706159473618720069837383096992674220834264256494737962522029704027342837356897435343801441332513702149664677035965623103591764062602279642609949563771340954447296326236670393690717165992709814664377656554461382771655563582054839454332594710639660610740625778843245091525659756447698059634341244143, 3774257820701910981809959911033213044285960890047888016658776919232021516424822837135157983775480300024210321708692685429497091654065258498512476149799637484572803213125432139362815873179112279781436816337606716427331486124594031411200913026621146439077583742192959679569593797394863682126953845722463746154362129473591534729803376071743631266668049943025866010134234035580014327513123804432209233006198912611030524071868199057664270241816593268039738136182056984661980972563707972918861051773209600083484446251093150213241939842092921183575387068562838582889441921937670520237339722053552674582136624402586804483952419518058676263798880383424862795413104685511745570114747974876401968061791428539541901749848178011861940170941541103703714445682802671943581205040099370, 597917923955732099196547746201179148924935914534979960628297057860687725389283366719945758535006418171900916348322283079483401722024074965016959737951945605149014556699632535097131135497707185351576476620748443392063881960859150279470286288867864229947367087814102476523030729634724127175203969665060586803849023060538111322569260403084409460498641261189871363890123177374186980772081945191711473388913721050226440553208275314656527695228054376981943469081185789137479776081530008677443460061912257190074465484503911880738285271233588225754282635934519028174577657820788980185112559131077949345634126688217703826345734490778741849559077323018156857703241183139253838328896713380237321473510636623636374450713500790946531706041293439546376393300190529962091166514023521640591, 95789441007349146191004730065533145553022337031899291189607435674217615464533337416298657859715983435429249322018860803886675762180942332517212790452661347774293405757095763264080169719613323852004500008422431394945916034770877776590272377094730942662777280316884419004121819380122987697999612651152634403020814101123867689401334572567365769440814675937563945482983808581008911478253846210038768570831996475449326902751933034628525936727181760236692904823190697494782137789625660185267950792810378643872042925068320624341113266460173884052451402322200097931437615004044802715371251784310752594034932878793080015937721672332548854318768734915485824306690909402899094715210013864120667282054142501005094371270632047295990498435685426321471037580856485944452138251334130358202054894, 15517889443193883449186964782278572622624069594439490372241598912337855355575848926581434147533544570753621759156899344209354375045976454544021939136470121449090820319344785951873763230883453636999716263505275977518020333429504776929628898146454580968530296434834983473600035308893940844462796827971033462009733332086532393588908079152149750540540224221110351619694431831033944343795868569252792074836959603874951590029425520724005692168218203645539961994562348235649601798525676282102749861816822692863170466401012799284840926454774493023559535999672828546203640958589561249100258283392703656673276226083065818841289898161352612924589305844361809522811805972479115794881462545089375303655994625837678125015973704853343313528752964240222981940540675036297358566327029624509366356837114, 2541907880242903301825050595698108465410623748345630457093719636306163211081837942343890236765551598013731907194803240997119474955808861952949154305622511519053695642011235609839814911798754068697797159691835347519485301001370007421614054355778281433213612008296336607563312813712621271847008119420701211452521786332064387981008567837503532619738314996325946974002927974842089749415487825083018544195519210833017284964302916631603221648900223322946221440045455026800379656295314879289231138132502806678445065755137636630638275806677601648875883462294100781681175805552875995408890155087469840447025187642232922051312923149623888084268884662920320290292560727179989578854607138467509928321801805581926799757197401974171904964551390304598651995589720915412295761868494403323703353486997392774, 420990783125914907977073637260889883188462881973655096906029096112126979584826405809652111172047916290218528714497563442949284031984411817609230015517771906901807523446654087967161051109427636567788964783969461004877733991283812828801947730628887041837774984445734490353618478006389829742800901995843692865096169425184689285393136435981340061926950662386781031374041361696751818758803170207523134963119324621652437898446502632691122413011316556483541207008270788802385265204397355812269964813340844236929219167799209502208075045691421533034377525030772924956540033775811298408843407052889503646723084674321304881050990649726649497803213516405416134971904247248312576280518051392741090276706756663026276985819108869495405700805118533201083430126274099889378603613826512081583436380475350863520193, 70492801680532711973216958050722520974621665132545402421366356919025668870550143658562672279478666568553158215998026652274013374249275298411357896243198175717870551536853156030929103162634721615540410935403120480801598262965706483386509186976037127629574201021517179015995505812662804674145114637272446103268272358315091400050205994938092254799617835808817600700045623279115902980454912079931036403981936177634316612598451230516562276144120355563495301797242777758010184639400590542653824667346301549253337162605026313052177233329792637483130839769755236263404097872430510708000767222907743540065915600944446880439507899409332994138618780632014570756779907337817702399374295878183513321156209371780991243910054055143134696106691061343574275013803248907319020614988285756822424266495491318530592254550, 11933021468482865476212720544195748968177764657785049107117014589996719732363859443410537133066940264285396274523114530657349862055107264276118058218535593870388071376696012076412671268631496767747753739430734740233485692329861302931533948067112271202800782091541111623525793867936872719141493646176516637785143599668106368773461831090975654373109640615618420352277564309946207672627585515905719337956320434057345373379696544073030871359115232498554850539087711447174922049175136234806115512274318176066373071647936078290688862109709732863610102803686309750783343366785018048486107980376479584109384766317260332511421208651582818544794771150049400524209906062705410576553299896347386211371588019684850908403132136742596249557318355286527237614190967689325128342856789722717149036963234941250752544626656174, 2042038298794511396788147925892920336547261720420086105023683150915466320184111531950225735240180491494916700540300693832879525017976306347219617714259937868076878704476120583070912171687975311965497249047195511670754715426870767346661264195327217188968343495564321776311102919861594617067480872119113950801184171174843990315052250934092128887003458019292564981895978287678463953509634035749801113124423610150517183431371567410511453543655710714159221070693619731137253091220543891881950033743578664499181585407640917274048753292378414129438412856537485328209663175458726235697847014686292640545436888371392882052913951340666647704015352958966466468925052686173743276303698675586226867020304532373008793913306424690584405119307688060277820515438394612187188551178975271141134227792262349182435004827985351787936, 353231784925538737445814273734270331431774341801321213611823512784642939412705659677031573807886263016280298065183178515311086874871140127114388758579759955958747809450120134542276796125663456943730593155064243876223444947337059559777776562781527480681438209858430363565711470774559313171450781435073694078654303073038412066201330336303844959342089220082459662829740616785159821367934915975358809373617127908234077015948209350957258849809914467675902465284381023084267672576572558342735282085538463812553776440459244004858759452463417478594717460939249965314587570014241772548684463794243966058218363700935741730880352401470406081177412221608389234155677384624894380247178879755467637972744038150804413794885491853237522290746137408890283835530891173336646278635032288253299080388681439812313968613323673639076237323, 61760811435316740539616041137040625232482129820789693485512330681627812833330646554573816065391479142296716846177513899384114047170710161434502341565253635476688864689124847858292921822779172114201912326571354764650840079473141519453553208185561098906245139830445750733131123293547401201942855166737746035150863032307011768256013549123318778605654713369205378774307134852934402540807481260468347035816449301912644006602932670296631931976888887900491860182830269612562864739624824969270954374277426983561278296622466473031709694419303388153408767046850638329046911194264218567132803126840938368522378531988213703515301380779761140308067135329386277426478644755749952313709294670824972844101576948696757647252170982405054191474655905445225461651528495119240776313141082410509997364415376045736935640855307316380584101647891, 10914370596851053280633954974511467239348785973054591730322512063236053379186961236461586400925328106653313493944874725969720119408110618275912015185066486231432901699542774750801834294173355917277749517931177742696091481418303268493083715820551175359151968384669784974930519503986578184400823063540210706892685375144181578745101854890786731418682278845325879266889612507714981130930568087399795729211905041960457859101701293819373711026141747135997314693571871110109154036696521768955608655736895913992850900918550752648421499133975351985600521873575799685620549135427577958215699616301653418186307946758373180811292867148265773568440934826053703650113733703545470282371392162633759301433861889213971564816822828424423759120875859282039531547999021422554841113320721053152534352794024079698315742195632430060422161132784851973, 1949361160450909147967708569177856669993609710385312086839864910935151040407050321759032912399461738743129297216406872743177298508363819802815671345998823595278117078075814474127221533940770291392814564671866264820619394460751244899257339506031413326916499012279958824494187371198586982462441000095355644707566683840510946972468953892071906035664030523109141125263714508494795618301774401094171772730497952649166710577250431773120368285709214111944254829405724102373335563970809587288970583560900310350303068634661256003737578289188914882628494983770499929130929345731608947000629655464621003480704371774528037612409365784124555056343667033074560190880041642393836490390115777378174586882705087764564574280927142633957179947426387631150547018402562181289965748870675112673510202749615347989250039621865411311898606477038396074477071, 351859689461446545263944297017027518170554507815282246337611693222375407593805404411080108905136852192613392506017510601164264879317404843457745049627924037974989956204428896273118975164471152513740783428099638429163543740916631764744467166462317914539062551586843893970593819369634058331860003560287487675313366489564292693662983975301847996568361650112877248261917973411031080748247726666608165862525405693854653917309284292201393324485351956211338742745291081082037447565731705000589172026263325011154634919682634871311046306212538196836201109581025766270625251113427102034326429537459963231510832018029607146654408277617699518549759614067686750952932009629193348271750347660351941312131603916774610193966370148401991100660065197733836241344199523888880917783907146475007121707111636282337495436376697877282938639789959029133283867352, 64180966656225363168243848026961416015089407860193121544837114892210841012257682912233470669667451047295213722566632551557286095902169645646346445566925021693142172927936277521442119096677073776017268597492529283612266595354152768851673964100125891554932424163700441102807107814916499296783125975500429979991950089108595576765819162417930803467937200014156987194467028260066682998588287816226336705677999880942168084711664748494792272032191044349094213077847197942305196246799926915365299387258357456165215634411361815107955596542309221303274744622878986545723087410649020961993990960654733439607422429450160147982222619562691084690409868660855897446486183950396677830997595130904768712512549372580019919486794723747961140342254989146291846658049188223110499526600232088108075475366187598293119626527732675989678534691996893496894541185988036, 11829835774077291541719984435752777909781576675114601134539248278631977276281535986297424383647745619271334714448651573322341147731068972965114354997121962420613444085108334412107442792400940733057817901809165397469100997805829331811724485853376581764563802327658156254858920924393172659858949290524717691430659404422805260493275602041319167070081548498258209429945167217896855166411308997165735505166957522252461074528709539431712764103328668884656739895947396247344158829924131474079536835689671848258009333885801973484238389277966514036797791231997576680886747314063487050230948180024309251075614372838084304059510510775017379106582272509894739015326269294231662178692962116550615668817710766714949956996872537909317772232407366636427117682249823437040728311929876033260204988007386360209612349333895527960482009482539716048096507868011383982329, 2203247763743357707056323606745419872315181465038144222021745161568552696499252653400151667974506680636680238820195305090634798212289817999918304236312795157584492474054282271976359679127300989828854212603152762138666355384448301864908586208533373667446367363952801769842488330885382644666595381076453679217578292538279728176264977691702409613777793600076068801808708430088880966780502568959508514278038793041265457384568120441328316106634265512961921418523567861822767509973221447717646964527351250992218432106950645627397944416334500119718857007388379729784720538412136130579126410218482367611451657591714023761011463370215299453672061411401669035104574993084727664356424080059306190343259747802331101110688639915767970327371590626871535657026713142439205103461717121915720972458213434706334413595464912084930167362168820184987537200590199352489310138, 414607164181286031848776900500557853760084006739897472363325791107756531212170766261563641580402963164188053040252761453782711232605823421058291795173698052316090628625373051569816046554320383991727811195357461098335725299531404645958115429689911929347549042413404029844462846664026042779155759907151893299960402253211369245139557962130194882368340865471954222735178516340259358304104957216317896283837039742057740768165412724620959996799176871673005963614490034979540077636283204602795074503695512725301693790217199346400269932706466636597137638011359719155177358220874574718947345437028604453514850808346248158217436580636287785783632317320795884554380441471958929555366273396790614992178900865508737281064619960158478885781638077629801081829165369441540801026317890519172176081894130972873099570808038766190271757759116634006225573685662149759005450758439, 78827187089978305511729443375397055913350050857691289914949306517552065600106626180077219420363344918606507464691577708522592820817595689714411777906116871961911155357950766775732067042278503312474056775260049364206224145712580956289117200181922241906733702066630217417070564372099707733801785686422467023301517394695491466411841943335522609588186973251002875026244154233560060284388923611094904146702771070775538418896378660716686009752681083835069408911758568779554408890658973852080635188464943443895560692126543581796438247343649779254396611376241658178774958717537546316072746800602648685366657073360478901120021996681992222776575736891917199917113897686318266225268293384253822978362676635723275648628063849930826637338289159870019118327010432714596158708679659217539464937169689451076258124795808290491645750826438871411521682428704401029087784142640467747, 15141126096245148265367385800035290871777607145550241354652952068709580994096581555297865830581052330953593070976959205707306632907612059219286080746232736377643760527544551091612336728560292753232232745718438689076707847485504875213092873671382186038862194757903982921891390555765587692358973658131594587059771542261375104961515229910811364267873087469411654382313793238155355045325119648026783193382424991235197241132953442440094545756992028297309515619238305309358517441528895799944568219268727944226437336073897622282226272832147842813126881044967870854193437742501117903320951545126690164308885799857476271259829469245933277562050362888045290618841078262917371660434594808194185370099192676225401168735751508056351265295653676107862770401709458819298350396239931497612257557226039522089676100054518004904833316016529063480713651682507613929124761487045722909388445, 2938059813346289933158747262367399943322590332141613081383721887674856985656920670768840906192461097628013639259341340987538739834885107883088690359162702963790269891628102777766626290477115165001670829048073897639023074008290307338875431955605433026967775608406141988931544983020016055461117346577088427918533279918226814056443494318329745706990578042822229078541212003187329190349978629209399728128476895516349091148389004232800310490099359176686210141501772432987528128965736283007302922716386510055126976753809187774090264845631876576172411976427919416710982081861288179685536060575713023120122834620579346798102748846634838692226956028147685350807595291425857799573326981364290793000716390182921232105276735267335940481655172537900171836710727262064489572347588655467920160632117394723470740405896592242087293538866426010175113225358644369660916395550889270399705380927, 575918484612216223031597058309991915606255951304741307360036913115735834773261052414381409490206314588510814639994643160735813273372094537308235044098119934359876950300262139631791583192110035536196002237039971843209981950383231235715278863226731996459715203982190448603482174758057746133689058577517434113611760168899404796102949590142438749594953771409911692902261567038428317353201575317047368645360337943929811599388198454365703495816953630994621780766961823807241719927284628808432573940158733035446741134515143842709870167678549468041276538259871101846742100973592100081668380199623594830113178497701260962393684042408572340396014452342368122681911118371856449297933844642889062025859993396434498668166372925733169596184028492926139429270965357760394930107025330014499689339115794428630219582455212011799277127998217196797437457381673760511046506673709177215503004945620582, 114034739545656637361036432264002405266010515667961245228809745228121393169745257482232490084956385947767392702528963508183501447601014135341299417132191396850963429026433506816544792443912373849110706082065711036016039078586330309239905752656620503290441112145533658849141564103365864952764016697186370282100757318111863999817782758792417119760877111687451678210613920823044708585576895655276838493092962657945251877875133345967477045333621834913583047304665221702558433299091377490675831181327699296104317337686681744901163868620407721413712116116820010747176370303360078561001708868560568065495231833176635276530221606539712897661352212684755258202125015442218469385405360043186471475080479805491167262509794838155300149084716732297024434539721617129863132443691120768879541583850255640467218675633709936508908312916433163356092012924788841157152369807041659586292109123757099345849]
len(predicted_full) = 200, len(input_sequence + seq_pred) = 200
is_manual_check: False
