test results being evaluated: data/test_linrec15.tsv
csv file used: ../linear_database_newbl.csv
The sequence ID inspected: A174750
csv results file used: ../linear_database_newbl.csv
Results we are looking at now:
('Could you give me a recursive equation in a form of a Python code for the following number sequence: 1,37,2737,202501,14982337,1108490437', 'Certainly, the Python code is the following: lambda a_n: ( a_n[-1] + 5 ) * 9 * n * n')

Experiment type: Evaluation of the results of llms.
Ground truth: 
[1, 37, 2737, 202501, 14982337, 1108490437, 82013310001, 6067876449637, 448940843963137, 33215554576822501, 2457502097840901937, 181821939685649920837, 13452366034640253240001, 995293264623693089839237, 73638249216118648394863537, 5448235148728156288130062501, 403095762756667446673229761537, 29823638208844662897530872291237, 2206546131691748386970611319790001, 163254590106980535972927706792168837, 12078633121784867913609679691300703937, 893655596421973245071143369449459922501, 66118435502104235267350999659568733561137, 4891870571559291436538902831438636823601637, 361932303859885462068611458526799556212960001, 26778098615059964901640709028151728522935438437, 1981217365210577517259343856624701111141009484337, 146583306926967676312289804681199730495911766402501, 10845183495230397469592186202552155355586329704300737, 802396995340122445073509489184178296582892486351852037, 59366532471673830537970110013426641791778457660332750001, 4392321005908523337364714631504387314295022974378271648037, 324972387904759053134450912621311234616039921646331769204737, 24043564383946261408612002819345526974272659178854172649502501, 1778898792024118585184153757718947684861560739313562444293980337, 131614467045400829042218766068382783152781222050024766705105042437, 9737691662567637230539004535302607005620948870962519173733479160001, 720457568562959754230844116846324535632797435229176394089572352797637, 53304122381996454175851925642092713029821389258088090643454620627865137, 3943784598699174649258811653398014439671150007663289531221552354109222501, 291786756181356927590976210425810975822635279177825337219751419583454599937, 21588276172821713467082980759856614196435339509151411664730383496821531172837, 1597240650032625439636549600018963639560392488398026637852828627345209852190001, 118174219826241460819637587420643452713272608801944819789444588040048707530887237, 8743295026491835475213544919527596537142612658855518637781046686336259147433465537, 646885657740569583704982686457621500295840064146506434376008010200843128202545562501, 47860795377775657358693505252944463425355022134182620625186811708176055227840938159537, 3541051972297658074959614406031432671975975797865367419829448058394827243732026878243237, 261989985154648921889652772541073073262796854019903006446753969509509039980942148051840001, 19383717849471722561759345553633375988774991221674957109639964295645274131345986928957916837, 1434133130875752820648301918196328750096086553549926923106910603908240776679622090594834005937, 106106467966956237005412582600974694131121629971472917352801744724914172200160688717088758522501, 7850444496423885785579882810553931036952904531335445957184222199039740502035211342973973296659137, 580826786267400591895905915398389922040383813688851527914279640984215882978405478691356935194253637, 42973331739291219914511457856670300299951449308443677619699509210632935599899970211817439231078110001, 3179445721921282873081951975478203832274366865011143292329849401945853018509619390195799146164585886437, 235236010090435641388149934727530413288003196561516159954789156234782490434111934904277319376948277486337, 17404285300970316179850013217861772379479962178687184693362067711971958439105773563526325834748007948102501, 1287681876261712961667512828187043625668229198026290151148838221529690142003393131766043834451975639882098737, 95271054558065788847216099272623366527069480691766784000320666325485098549811985977123717423611449343327204037, 7048770355420606661732323833345942079377473341992715725872580469864367602544083569175389045512795275766331000001, 521513735246566827179344747568327090507405957826769196930570634103637717489712372133001665650523238957365166796037, 38584967637890524604609778996222858755468663405838927857136354343199326726636171454272947869093206887569256011906737, 2854766091468652253913944300972923220814173686074253892231159650762646540053586975244065140647246786441167579714302501, 211214105801042376265027268493000095481493384106088949097248677802092644637238799996606547460027168989758831642846478337, 15626989063185667191358103924181034142409696250164507979304170997704093056615617612773640446901363258455712373990925094437, 1156185976569938329784234663120903526442836029128067501519411405152300793544918464545252786523240853956732956843685610510001, 85542135277112250736842006967022679922627456459226830604457139810272554629267350758735932562272921829539783094058744252645637, 6328961824529736616196524280896557410747988941953657397228308934555016741772239037681913756821672974531987216003503389085267137, 468257632879923397347805954779378225715428554248111420564290404017260966336516421437702882072241527193537514201165192048057122501, 34644735871289801667121444129393092145530965025418291464360261588342756492160442947352331359589051339347244063670220708167141797937, 2563242196842565399969639059620309440543575983326705456942095067133346719453536261682634817727517557584502523197395167212320435924837, 189645277830478549796086168967773505508079091801150785522250674706279314483069522921567624180476710209913839472543572153003545116640001, 14031187317258570119510406864555619098157309217301831423189607833197535925027691159934321554537549037976039618445026944155050018195435237, 1038118216199303710293974021808148039758132802988534374530508728981911379137566076312218227411598152100017017925459450295320697801345567537, 76806716811431215991634567206938399323003670111934241883834456336828244520254861955944214506903725706363283286865554294909576587281376562501, 5682658925829710679670663999291633401862513455480145365029219260196308183119722218663559655283464104118782946210125558373013346761020520057537, 420439953794587159079637501380373933338502992035418822770278390798189977306339189319147470276469439979083574736262425765308078083728237107695237, 31106873921873620061213504438148379433647358897165512739635571699805862012485980287398249240803455094348065747537209381074424764849128525449390001, 2301488230264853297370719690921599704156566055398212523910262027394835598946656202078151296349179207541777781743017231773742124520751782646147164837, 170279022165677270385372043623760229728152240740570561256619754455518028460040072973495797680598457902997207783235737941875842789770782787289440807937, 12598346152029853155220160508467335400179109248746823320465951567680939270444018743836610877067936705614251598177701590467038624318517174476772472622501, 932107336228043456215906505582959059383525932166524355153223796253933987984397346970935709105346717757551621057366681956618982356780500128493873533257137, 68963344534723185906821861252630503058980739871074055458018094971223434171574959657105405862918589177353205706646956763199337655777438492334069868988405637, 5102355388233287713648601826189074267305191224527313579538185804074280194708562617278829098146870252406379670670817433794794367545173667932592676431608760001, 377505335384728567624089713276738865277525169875150130830367731406525510974262058718976247857005480088894742423933843144051583860687073988519523986070059834437, 27930292463081680716468990180652486956269557379536582367867673938278813531900683782586963512320258656325804559700433575226022411323298301482512182292752818988337, 2066464136932659644451081183655007295898669720915831945091377503701225675849676337852716323663842135088020642675408150723581606854063387235717381965677638545302501, 152890415840553732008663538600289887409545289790392027354394067599952421199344148317318420987611997737857201753420502719969812884789367357141603753277852499533396737, 11311824308064043508996650775237796661010452774768094192280069624892777943075617299143710436759623990466344909110441793127042571867559121041242960360595407326926056037, 836922108380898665933743493828996663027363960043048578201370758174465615366396335988317253899224563296771666072419272188681180505314585589694837462930782289692994750001, 61920924195878437235588021892570515267363922590410826692709156035285562759170253245836333078105858059970636944449915700169280314821411774516376729296517294029954685444037, 4581311468386623456767579876556389133121902907730358126682276175852957178563232343855900330525934271874530362223221342540338062116279156728622183130479348975926953728108737, 338955127736414257363565322843280225335753451249456090547795727857083545650920023192090788125841030260655276167573929432284847316289836186143525174926175306924564621194602501, 25078098141026268421447066310526180285712633489552020342410201585248329420989518483870862420981710305016615906038247556646538363343331598617892240761406493363441855014672476337, 1855440307308207448929719341656094060917399124775600049247807121580519293607573447783251728364520721540968921770662745262411554040090248461537882291169154333587772706464568646437, 137277504642666324952377784216240434327601822599904851623995316795373179397539445617476757036553551683726683595123004901861808460603335054555185397305756014192131738423363407360001, 10156679903249999839027026312660136046181617473268183420126405635736034756124311402245496768976598303874233617117331699992511414530606703788622181518334775895884160870622427575993637, 751457035335857321763047569352633826983112091199245668237730021727671198773801504320549284147231720935009560983087422794543982866804292745303486246959467660281235772687636277216169137, 55597663934950191810626493105782243060704113131270911266171895202211932674505187008318401530126170750886833279131351955096262220728987056448669360093482272084915563018014462086420522501, 4113475674150978336664597442258533352665121259622848188028482514941955346714610037111241163945189403844690653094736957254328860351078237884456229160670728666623470427560382558117902495937, 304341602223237446721369584234025685854158269098959495002841534210502483724206637559223527730413889713756221495731403484865239403759060616393312288529540439058051896076450294838638364176837, 22517165088845420079044684635875642219855046792063379782022245049062241840244576569345429810886682649414115700031029120922773387017819407375220653122025321761629216839229761435501121046590001, 1665965874972337848402585293470563498583419304343591144374643292096395393694374459494002582477884102166930805580800423544800365399914877085149935018741344269921503994206925895932244319083483237, 123258957582864155361712267032185823252953173474633681303941581370084196891543465425986845673552536877703465497279200313194304266206683084893719970733737450652429666354473286537550578491131169537, 9119496895256975158918305175088280357219951417818548825347302378094134174580522067063532577260409844847889515993080022752833715333894633405050127899277830004009873806236816277882810564024623062501, 674719511291433297604592870689500560611023451745097979394396434397595844722067089497275423871596775981866120717990642483396500630441996188888815744575825682846078231995169931276790431159330975455537, 49920124338670807047580954125847953204858515477719431926359988843043998375258384100731317833920901012813245043615314463748588212937373823344367314970711822700605779293836338098204609095226467560647237, 3693414481550348288223386012442059036598919121899492864571244777950858283924398356364620244286275078172198267106815279674912131256735220931294292492088099054161981589511893849335864282615599268512440001, 273262751510387102521482983966586520755115156505084752546345753579520469012030219986881166759350434883729858520860715381479749124785468975092433277099548618185286031844586308512755752304459119402359912837, 20217750197287095238301517427514960476841922662254372195565014520106563848606311880672841719947645906317837332276586122949826523102867968935908768212874509646657004374909874936094589806247359236506121109937, 1495840251847734660531790806652140488765547161850318457719264728734306204327855048949803406109366446632636232729946512382905682960487444232282156414475614165234433037711486158962486889910000124382050602222501, 110671960886535077784114218174830881208173648054261311499030024911818552556412667310404779210373169404908763384683765330212070712552968005219943665902982573717701387786275065888287935263533761845035238443355137, 8188229265351748021363920354130833068916084408853486732470502578745838582970209525921003858161505169516615854233868687923310327045959144942043549120406234840944668263146643389574344722611588376408225594206057637, 605818293675142818503145991987506816218582072607103756891318160802280236587239092250843880724741009374824664449921599140994752130688423757706002691244158395656187750085065335762613221537994006092363658732804910001, 44822365502695216821211439486721373567106157288516824523225073396789991668872722617036526169772673188567508553439964467745688347343897398925302155602947315043716948838031688203043804049088944862458502520633357282437, 3316249228905770901951143376025394137149637057277637910961764113201657103259994234568452092682453074944620808290107449014039942951317719096714653511926857154839398026264259861689478886411043925815836822868135633990337, 245357620573524351527563398386392444775506036081256688586647319303525835649570700635448418332331754872713372304914511262571210090050167315757959057726984482143071736994717198076818393790368161565509466389721403558002501, 18153147673211896242137740337217015519250297032955717317500939864347710180964971852788614504499867407505844929755383725981255506720761063646992255618284924821432469139582808397822871661600832911921884676016515727658194737, 1343087570197106797566665221555672755979746474402641824806482902642427027555758346405722024914657856400559811429593481211350336287246268542561668956695357452303859644592133104240815684564671267320653956558832442443148408037, 99370327046912691123691088654782566926981988808762539318362233855675252328945152662170641229180181506233920200860162225913943629749503111085916510539838166545664181230678266905422537786124072948816470900677584225065324000001, 7352061113901342036355573895232354279840687425374025267733998822417326245314385538654221728934418773604909535052222411236420478265175983951815260110991328966926845551425599617897026980488616726945098192693582400212390827592037, 543953152101652397999188777158539434141283887488869107272997550625026466900935584707750237299917809065257071673663598269269201447993273309323243331702818505386040906624263693457474574018371513720988449788424420031491855917810737, 40245181194408376109903613935836685772175166986750939912934084747429541224423918882834863338464983452055418394316054049514684486673237048905968191285897578069600100244644087716235221450379003398626200186150713499930184947090402501, 2977599455234118179734868242474756207706821073132080684449849273759161024140469061745072136809108857643035704107714336065817382812371548345732322911824717958645021377197038227307948912754027879984617825325364374574802194228771974337, 220302114506130336924270346329196122684532584244787219709375912173430486245170286650252503260535590482132586685576544814820971643628821340535285927283743231361661981812336184733071984322347684115463092873890813005035432187982035698437, 16299378873998410814216270760118038322447704413041122177809367651560096821118460743056940169142824586820168379028556601960686084245720407651265426296085174402804341632735680632020018890940974596664284254842594797998047179716441869710001, 1205933734561376269915079765902405639738445593980798253938183830303273734276520924699563320013308483834210327461427612000275949262539681344853106259983019162576159618840628030584748325945309772469041571765478124238850455866828716322841637, 89222796978667845562901686406017899302322526250166029669247794074790696239641429967024628740815684979144744063766614731418459559343690699111478597812447332856233007452573738582639356101061982188112412026390538598876935686965608566020571137, 6601281042686859195384809714279422142732128496918305397270398577704208247999189296635122963500347379972876850391268062512965731442170572052904563131861119612198666391871616027084727603152641372147849448381134378192654390379588205169199422501, 488405574361848912612913017170271220662875186245704433368340246956036619655700366521032074670284890433013742184890070011228045667161278641215826193159910403969845079991047012265687203277194399556752746768177553447657547952402561573954736693937, 36135411221734132674160178460885790906910031653685209763859907876169005646273827933259738402637581544663044044831473912768362413638492448877918233730701508774156337252945607291633768314909232925827555411396757820748465894087409968267481315928837, 2673532024833963968975240293088378255890679467186459818092264842589550381204607566694699609720510749414632245575344179474847590563581279938324733469878751738883599111637983892568633168100006042111682347696591901181938818614515935090219662642040001, 197805234426491599571493621510079105145003370540144341329063738443750559203494686107474511380915157875138123128530637807225953339291376222987152358537296927168612177923957862442787220671085537883338666174136403929642724111580091786707987554195031237, 14634913815535544404321552751452765402474358740503494798532624379994951830677402164386419142578001172010806479265691853555245699516998259221110949798290093858738417567261243836873685696492229797324949614538397298892379645438312276281300859347790271537, 1082785817115203794320223409985994560677957543426718470750085140381182684910924265478487542039391171570924541342532666525280955810918579806139223132714929648619474287799408086066209954319753919464162932809667263714106451038323528353029555604182285062501, 80111515552709545235292210786212144724766383854836663340707767763827523731577718243243691691772368695076405252868151631017235484308457907395081400871106503903982358879588937125062662933965297810550732078300839117544984997190502785847905813850141304353537, 5927169365083391143617303374769712715072034447714486368741624729382855573451840225734554697649115892264083064170900688028750144883014966567429884441329166359246075082801781939168570847159112284061290010861452427434614783341058882624392000669306274237099237, 438530421500618235082445157522172528770605782747017154623539522206567484911704598986113803934342803658847070343393782762496493485858799068082416367257487204080305573768452274561349180026840343722724910071669178791043948982241166811419160143714814152240990001, 32445324021680666004957324353265997416309755888831554955773183018556611027892688484746686936443718354862419122346969023736711767808668116071531381292612723935583366383782666535600670751139026323197582055292657778109817609902505285162393458634226940991596160837, 2400515447182868666131759556984161636278151329990788049572592003850982648579147243272268719492900815456160167983332313973754174324355581790225239799286084084029088806826148871359888286404261107572898347181585006401335459183803149935205696778789078819225874911937, 177605697767510600627745249892474695087166888663429484113416035101954159383829003313663138555538216625400990011644244265034072188234504384360596213765877609494216988338751233814096132523164182934071280109381997815920714161991530589920059168171757605681723147322501, 13140421119348601577787016732486143274814071609763791036343214005540756811754767097967799984390335129464217100693690743298547587755028968860893894578875657018488028048260765153371753918427745276013701829747086253371731512528189460504149172747931273741628287026953137, 972213557134029006155611492954082127641154132233857107205284420374914049910468936246303535706329261363726664461321470759827487421683909191321787602623032741758619858582957870115695693831129986242079864121175000751692211212924028546717118724178742499274811516847209637, 71930662806798797853937463461869591302170591713695662142154703893738098936562946515128493842283975005786308953037095145483935521616854251188951388699525547233119381507090621623408109589585191236637896243137202969371851898243849922996562636416479013672594423959666560001, 5321896834145977012185216684685395674232982632681245141412242803716244407255747573183262240793307821166823135860283719295051401112225530678791080976162267462509075611666123042262084413935473021524962242128031844732765348258831970273198917976095268269272712561498478230437, 393748435063995500103852097203257410301938544226698444802363812771108348037988757469046277324862494791339125744707958132688319746783072415979351040847308266678438475881786014505770838521635418401610568021231219307255263919255321950293723367594633372912508135126927722492337, 29132062297901521030672869976356362966669219290143003670233509902258301510403912305136241259799031306737928481972528618099640609860835133251793185941724649466741938139640498950384779966187085488697657071328982196892156764676634992351462330284026774327256329286831152986202501, 2155378861609648560769688526153167602123220288926355573152477368954343203421851521822612806947803454203815368540222409781240716809955016788216716408646776752272224983857515136313967946659322690745225012710323451350712345322151734112057918717650386666844055859090378393256492737, 159468903696816091975926278065358046194151632161260169409613091792719138751706608702568211472877656579775599343494485795193713403326810407194785221053919755018677906867316479588283243272823692029657953283492606417755821397074551689299934522775844586572132877243401169947994260037, 11798543494702781157657774888310342250765097559644326180738216315292261924422867192468225036185998783449190536050051726434553551129374015115625889641581415094629892883197561974396646034242293887503943317965742551462580071038194673274083096766694849019670988860152596197758318750001, 872932749704308989574699415456899968510423067781518877205218394239834663268540465633946084466291032318660324068360333270361769070170350308149121048255970797247593395449752269625763523290656923983262147576181456201813169435429331270592849226212642982869081042774048717464167593240037, 64585224934624162447370098968922287327520541918272752587005422957432472819947571589719542025469350392797414790522614610280336357641476548787919331681300257581227281370398470390332104077474370080873894977319462016382711958150732319350596759642968885883292326176419452496150643581012737, 4778433712412483712115812624284792362268009678884402172561196080455763154012851757173612163800265638034690034174605120827474528696399094259997881423367963090213571228014037056614949938209812729060684966174064007756118871733718762300673567364353484912380763056012265435997683457401702501, 353539509493589170534122764098105712520505195695527488016941504530769040924131082459257580579194187864174265114130256326622834787175891498691055305997547968418223043591668343719115963323448667580409813601903417111936413796337037677930493388202514914630293173818731222811332425204144972337, 26157145268813186135812968730635537934155116471790149711081110139196453265231687250227887350696569636310860928411464363049262299722319571808878094762395181699858291654555443398157966335996991588221265521574678802275538502057207069404555837159621750197729314099530098222602601781649326250437, 1935275210382682184879625563302931701414958113716775551131985208796006772586220725434404406370966958899139534437334232609318787344664472422358287957111245897821095359393511143119970392900453928860793238782924327951277912738436986098259201456423806999717338950191408537249781199416845997560001, 143184208423049668494956478715686310366772745298569600634055824340765304718115101994895698184100858388900014687434321748726541001205448639682704430731469801257061198303465269147479651108297593744110478404414825589592290004142279764201776351938202096228885353000064701658261206155064954493189637, 10593696148095292786441899799397484035439768193980433671368999016007836542367931326896847261217092553819701947335702475173154715301858534864097769586171654047124707579097036405770374211621121483135314608687914169301878182393790265564833190841970531313937798783054596514174079474275389786498473137, 783790330750628616528205628676698132312176073609253522080671871360239138830508803088371801631880748124269044088154548841064722391336326131303552244945970929685971299654877228757860212008854692158269170564501233702749393207136337372033454345953881115135168224593040077347223619890223779246393822501, 57989890779398422330300774622276264307065589678890780200298349481641688436915283497212616473497958268642089560576100911763616302243586275181598768356415677142714751466881817891675885314443626098228783307164403379834153219145695175264910788409745231988688510821101911127180373792402284274446644391937, 4290468127344732623825729116419766860590541460164308481299997189770124705192900469990645247237217031131390358438543312921666541643634048037307005306129814137631205637249599646755257653056819476576771695559601348874024588823574306632231364887975193286047814632536948383334000437017878812529805291180837, 317436651532730815740773653840440471419393002462479936835999493693507586495837719495810535679080562345454244434891629055291560465326675968485536793885249830507566502405003492041997390440890197640582876688103335413297985419725352995609856090921754557935549594296913078455588851965530629842931144902990001, 23486021745294735632193424655076175118174491640763351017382662536129791275986798342219988995004724396532482697823542006778653807892530387619892415742202357643422289972333008811461051634972817805926556103224087219235176896470852547368497119363321862093944622163339030857330241045012248729564374917530079237, 1737648172500277705966572650821796518273492988414025495349481028179911046836527239604783375094670524781058265394507216872565090223581922007903553228129089215782741891450237648556075823597547627440924568761894350887989792353423363152273176976794896040393966490492791370363982248478940875357920812752322873537, 128562478743275255505894182736157866177120306650997123304844213422777287674627028932411749768010614109401779156495710506563038022737169698197243046465810399610279477677345252984338149894583551612822491532276957878492009457256858020720846599163458985127059575674303222376077356146396612527756575768754362562501, 9511885778829868629730202949824860300588629199185373099063122312257339376875563613758864699457690773570950599315288070268792248592326975744588081885241840481944898606232098483192467016375585271721423448819732988657520710044654070170190375161119170003362014633407945664459360372584870386178628686075070506751537, 703750985154667003344529124104303504377381440433066612207366206893620336601117080389223576010101106630140942570174821489384063357809459035401320816461430385264312217383497942503258221061898726555772512721127964202778040533847144334573366915323655121263662023296513675947616590215134011964690766193786463137051237, 52068061015666528378865424980768634463625637962847743930246036187815647569105788385188785760048024199856858799593621502144151896229307641643953152336260606669077159187772615646757915891564130179855444517914649618016917478794644026688258961358789359803507627709308604074459168315547332015000938069654123201635040001, 3852332764174168433032696919452774646803919827810299984225999311691464299777227223423580922667543689682777410227357816337177856257610956022617131952066823463126445467677790059917582517754683734582747121812962943769049115390269810830596589773635088970338300788465540187834030838760287435098104726388211330457855908837, 285020556487872797516040706614524555229026441619999351088793703028980542535945708744959799491638185012325671498024884787449017211166981438032023811300608675664687887448968691818254348397955032228943431569641343189291617621401171357437459384287637794445230750718740665295643822899945722865244748814657984330679702213937, 21087668847338412847753979592555364312301152760052141680586508024832868683360205219903601581458558147222416913443614116454890095770099015458347144904292975175723777225756005404490904198930917701207231189031646433063810654868296410639541397847511561699976737252398343691689808863757223204593013307558302629139840107922501, 1560202474146554677936278449142482434555056277802238485012312800134603302026119240564121557228441664709446525923329419732874418069776160162479656699106379554327894826818495431240508656372489954857106164556772194703532696842632533215968625981331567928003833325926758692519750212095134571417017740010499736572017488284051137, 115433895417997707754436851256951144792761863404605595749230560701935811481249463596525091633323224630351820501412933446116252047067665753008036248588967794045088493407342905906393149667365325741724648946012110761628355755699939161571038781220688515110583689381327744902769825886176201061654719747469422203700154292911861637, 8540548058457683819150390714565242232229822835663011846958049179143115446310434186902292659308690180981325270578633745592869777064937489562432202738884510379782220617316556541641852566728661614932766915840339424165794793224952865423040901184349618550255189180892326364112447365364943743991032243572726743337239400187193710001, 631885122430450604909374476026570974040214127975658271079146408695888607215490880367173131697209750167987718202317484240426247250758306561866974966428864800309839237188017841175590696788253594179283027123239105277507186342890812102143455648860651084203773415696650823199418335211119660854274731304634309584752015459559422678437, 46750958511794887079474560835251686836743615647363049048009876194316613818500014712983909452934212822250109821700915200045949426779049748088593715312997110712548321331296003690452069709764037307652011240203853451111365994580695142693192677114503830612528977572371268590392844358257489959472339084299366182528311904607210084494337, 3458939044750391193276208127332598254944987343776889971281651691970733533961785597880442126385434539096340139087665407319159831334398923051994067958195357327928265939278716255252277567825750507172069548747961916276963576412628549747194114650824422814242940566939777224865871064175843137340098817506848463197510328925473986829902501, 255914738353017153415359926861777019179092319823842494825794215329639964899353634228439733443069221680306920182665539226417781569318741256099472435191143445155979131185293706884978087949395773493425494596108977951044193288539931986149671291483892784423365072975971143371484065904654134673207840156422486910433236028580467815328290737, 18934231699078518961543358379644166820997886679620567727137490282701386669018207147306659832660736969803615753378162237347596676298252454028308966136186419584214527441772455593233126230687461488006314530563316406460993339775542338425328481455157241624514772459654924832264955005880230122680040072757757182908861955786029144347463612037, 1400877230993457386000793160166806567734664521972098169313348486704572973542447975266464387883451466543787258829801340024495736264501362856838764021642603905786719051559976420192366362982922754338973849767089305100162462950101593111488157956390151987429669796941488466444235186369232374943649757543917609048345351492137576213896979000001, 103645980861816768045097150493964041845544176739255643961460650525855698655472131962571058043542747787270453537651920999575336886896802598952040228635416502608632995287996482638641877734505596359596058568234045261005561264967742347911698360291416089828171050201210491592041138836317315515707402018177145312394647148462394610684028982388037, 7668401706543447377951188343393172290002534414182945554978774790426617127531395317254991830834279884791469774527412352628550433894098890959594138154999178589133054932260179738839306585990431207855769360199552260009311371144662832152354190503608400495297228045092634889344600038701112115787404099587564835508155543634725063614404247717714737, 567358080303353289200342840260600785418342002472798715424467873841043811738667781344906824423693168726781492861490862173513156771276421128411014183241303799093237431991965304191470045485557403784967336596198633195428035903440081836926298398906730220562166704286653771319908361725045979252752195967461620682291115581821192312855230302128502501, 41976829540741599953447418990941064948667305648572921995855643889446815451533884424205850015522460205897039001975796388487345050640561064611455455421701481954310436912473172330429944059345257448879727138758499304201665345483421393100393727328594427921105038889167286442783874167614701352587875097492572365654034397511133506087672638109791470337, 3105718027934575043265908662489378205415962275991923428977893179945223299601768779609887994324238362067654104653347441885890020590630242360119292687022668360819879094091022787147624390346063493813314840931532749877727807529869743007592209523917080935941210711094092542994686780041762854112250005018482893437716254300242058258174919989822440302437, 229781157237617811601723793605223046135832541117753760822368239672057077355079355806707505729978116332800506705345734903167374178655997373584216203384255757218716742525823213076593774941549353284736418501794664991647656091864877561168723111042535394831728487582073680895164037848922836502953912496270241542025348783820401177598856406608750790910001, 17000699917555783483484294818124016035846192080437786377426271842552278500976270560916745536024056370265169842090931035392499799199953175402871879757747903365824219067816826744880791721284306079576681654291873676632048822990471069783477918007623702136611966870362358293699144114040248138364477274718979391216438093748409445084057199169057736087037637, 1257822012741890359966236092747571963606482381411278438168721748109196551994888942152032462160050193283289767808023550884141817766617878982438934885869960593313773494275919355908101993600097100535389705999096857405779965245202994286416197209453111422714453819919232440052841500401129439402468364416708204708474393588598478535042633882103663719649875137, 93061828242982330854017986568502201290843850032354166638107983088237992569120805448689485454307690246593177647951651834391102014930523091525078309674619336001853414357350215510454666734685901133539261562278875574351085379322031106125015115581522621578732970707152838205616571885569538267644294489561688169035888687462539002148070850076502057518003722501, 6885317467967950592837364769976415323558838420012797052781822026781502253562944714260869891156609028054611856180614212194057407287092090893873355981035960903543838888949640028417737236373156586781369965902637695644574538104585098858964702355823220885403525378509390794775573478031744702366275323863148216303947288478639287680422200271779048592612625589937, 509420430801385361539110974991686231742063199230914627739216721998742928771088788049855682460134760385794684179717500050525857037229884203055103264286986487526242224367916011887402100824878901520687838215232910602124164734359975284457262959215336822898282145038987765975186820802463538436836729671383406318323063458731844749349094749261573093795816289932837, 37690226561834548803301374784614804733589117904667669655649255605880195226807007370975059632158815659520752017442914389526719363347724338935183768201255964116038380764336835239639337723804665555944118657961332746861543615804533585950978494279579101673587475207506585291369049165904270099623551720358508919339602748657677872164152589245084629892297792829440001, 2788567345144955226082762623086503864053852661746176639890305698113135703854947456664104557097292224044149854606595947324926707030694371197000543743628654358099313934336557891721423589460720372238344092850923390357152103404801125385087951313729638187022574883210448323795334451456113523833705990576858276624812280337209430695397942509387001038936240853088627237, 206316293314164852181321132733616671135251507851312403682226972404766161890039304785772762165567465763607568488870657187655049600908035744239105053260319166535233192760140947152145706282369502880081518752310369553682394108339478744910557418721713646737996953882365669375563380358586496493594619750967153961316769142204840193587283593105392992251389525335728975537, 15264617137903054106191681059664547160144557728335371695844905652254582844159053606690520295694895174282915918321822035939148743760163950702496773397519989669249156950316093531367060841305882492753794043578116423582140011913716625997996161034093080220424752012411849085467894812083944627002168155580992534860816104242820964894763587947289694425563888633990855562501, 1129375351911511839006003077282442873179562020388966193088840791294434364305879927590312729119256675431172170387325960002309351988651224316240522126363218916357902381130630780374010356550352934960900677706028304975524678487506690845106805359104166222664693651964594466655248652713853315901666848893242480425739074944826546562018918224506331994499476369389987582649537, 83558511424313973032338036037841108068127444951055162916878373650135888375790955588076451434529299086732457692743799218134952898416430435451096140577480679820815527046716361654145399323884811304613896356202516451765244068063581405911905600412674207396966905493367578683402932406013061432096344649944362558969830729812921624624505185025521277898535687446225090260503237, 6182200470047322492554008663722959554168251364357693089655910809318761305444224833590067093426048875742770697092653816181984205130827200999064873880607207087823991099075880131626385539610925683606467429681280189125652536358217517346635907625178787181152886312857236228105161749392252692659227837246989586883341734931211373675651364773664068232497141394651266691694590001]
Predicted:    
[1, 37, 2737, 202501, 14982337, 1108490437, 359150903208, 158385548316933, 91230075830556288, 66506725280475537597, 59856052752427983841800, 65183241447394074403725645, 84477480915822720427228442400, 128490248472966357769814460898005, 226656798306312655105952709024089640, 458980016570283126589554235773781531125, 1057489958177932323662332959222792647723520, 2750531381220801973845728026938483676728888525, 8020549507639858555734142926552618401341438953480, 26058765350321900447580230368369457185958335159872765, 93811555261158841611288829326130045869450006575541972000, 372338062831539442355205363595410152055847076098326086887845, 1621904601694185810899274563821606622355269863484308434483474600, 7721887808666018645691446198354669129033439820048792456575822594405, 40030266400124640659264457092270604764909352027132940094889064329421440, 225170248500701103708362571144022151802615105152622788033750986852995628125, 1369935791878265514961677882840230771567110299748557042397341004013625401542920, 8988148730513300043663568589314754092251810676650282755168954327333396259523130925, 63420377442501845108090139966204904874928776134444395120472141733664444007195211842080, 480028836862296465623134269404204924998335906561609626666853640782106176690460558432741365, 3888233578584601371547387582174059892486520843149037976001514490335060031192730523305205097000, 33629332221178217262513355198223444010115918772396029454437098826907934209785926296066718883996245, 309927925750378450291323081506827259997228307406401807452092302788783521677387096744550881234909440000, 3037603600279459191305257521848413975232834640890144114837956659632867295960070935193343186983347421489005, 31603227857307493426339899257310898998322411603821059370774101086820351347168578009751542517374746573171660040, 348425587126815115025397389311852661456504587932127179562784464482194373602533572557510756254056580969217551996125, 4064036048247171501656235148933449443228669513640331422420317993720315173699951590310805460947315960424953526482860320, 50072988150453400071906473270009030590020437077562523455640738000628003255157103544219434084331879948395852399795322064325, 650748554003292387334496526617037361547905600260002554829507031056161530304021717660675765359977111809352497787740005548032680, 8908096955751069490221922952860624442229279761959174973061121748127795188331753293056990552012726683558226342216372935947019424965, 128276596162815400659195690521192991968101628572212119612080153173040250711977247420020663948983264243238459327915770277637079719568000, 1940696623347234196572971601895128775485409538668997157611160637354925953021503776217492624884167804735954651172037688530371379077344347645, 30810499592260690104792497151687064439606361835908998874234786278646804430169393951228912912661048067988016042007270343108176014231918863291400, 512717523714810144033851945101224439339489467311361650266141078462961472522448884742400339779592500899388574955042985779663157052833361804032270605, 8933590133206851949645836291443734631051264478433165394237242151138640697231149367751583520319619735670946530016668984224850848488568496073458283108640, 162814680177694876782295366411562063650909295119444439309973738204501726707037697227272609657825069682603000509553792237497906713704160840938777209655055125, 3100642769304021233442032957941787940167916616254699902219139870366530883408825905996179578323620627035491541703942419370910135455782039054838073180670869895720, 61643878896533246142061057236840686038478350247759688756018719762757000493050867837110046196651901686092607340616079239513064402996402718449235732904917564396908725, 1278247472798513392001778082863128465693887070737544906044804173000529162223902795470313917933773833362816305815015019110542903460533406769763352157516370615334299425280, 27621649639703075887766422592589343015179205711567607874722173374368434666496315507318013452630918765137097552356659547959721600878666386887816276771771252626758876280983565, 621487116893319207474744508333260217841532128510271177181248900923289779996167098914655302684195672215584694928024839829093736019769993704975866227364853184102074716322130325000, 14548391919355709327776294195573288439452425596296937986635855521713290459930275618493165980534336490894622123570133475559255266486795782639780052516383848186645467034384748778042045, 354049665749440542200763895543471547462514229311482282842770179976414636632863187451649687302283612842411523999202768261210036165222662166321687358038717329470204085748787246262431328800, 8950729599811606347377512043234504191399822231223583592548072919983738428715414241965155744689032016269005738223845184411650924292994122226778578098576812806336229491815090372760526423519205, 234902947617455796980575426062646327999096934636231727802831625712053231323207331366133547363618956234963786593946593019699366857145337743719577003619049875289488006783195231742727255458838147240, 6395232748885234072796165974555546279775414045471408789432091010010649222774319596442985826974526083496889090020195994961315262685781820072765483923528632854756310984672490184195749529866868558745125, 180499049104536846470598988465855738200381286019385041672931336666540563663582396290006831980529024180616197676730011761788161974043506089733733018257672133692642121231396362958740834730962498202022549120, 5277972694865761927646785021730087640717349184492838003558185215466312622086812849916089773942649196065398236265262273926447644283006161569904087186872590861306548266927261049276540748368074409925341358964125, 159795901309755808121434063317900133410358463909705163395727615583458080946300345844059533995887647060075997001167080605397128878312294547690416143669754560916917055329489755527896547697591820834899634983997999880, 5006245792133339712636407769686493279613120315827153064024750468614158217966643534948541140557164094745120910049563468286486650628645875884593047365029740638966094426417584550933470942817854154936570664413673338397165, 162202363665120206689419611737842382259465098232799759274401915183098726262119250532332732954052116669741917485605856372482167480368126378660814734626963596702501459415929739450244458547298474619944889527003016164068308000, 5431994956781210601821973377488603539487226674718231138340445737566793243792111581077290893898251335152987074675454524058055306750048184294972024647922383889970071374380071044449236672290478616547334405369804008318483566779445, 187925297524802761980632990967595728052100094038551924462026060736860779062231892258949955765303903190952740835472024714312481392324666983868852164719522793057404589268052937853765791914561398218071581088173739471786257476301852200, 6712879552883479460710191070353487001749067459151113293708032915581403888881985423381951369892420725884022855383896194819956147815229429330779268175946073690803549333244118993074367852980047705747734948050654147671676903310978462614805, 247463591837496586839620483617510944832477622814146640459252925399992872959745510647552255299714197638988618540871949325842863433060617682849846942038076060537782042620711202560693496532256478624684501124939314499768697363655910045832355840, 9409803079620807714576568889555853677254961607507926003463092488334728994294323042373174507771632365222542220016655873115174882042129987390365429970997842201949162170652543477370370205639052599703628155275817433853704717253015979492775331006125, 368901919933454145642259806746147687563103514860740731039767077912674715492314640553197933402679075246184545193532976849607316075579664025651886316582999405685214953738262314486827993541873418118781038199433146676800639735187238460034764076764320520, 14904006467231480938092938452351112725236945103888786274737629714749971180605003792989749707401637319021101810363925797700985176769494006300361859076269758989088369345979535767582337767085227965416872724295298558889422645941299621023864503465355313530525, 620245133140305310719675726633043907173460707443435729609481198209034800652057837849061423823226538668382172940105135997124199116439262566195859127318042290089901578702284360503706568515018847008788575294273144826742212833493125028529145176214226727886536480, 26576883709928942259027385210499298378475617853243777578036659862058932173140026293994432949401433955401507728310564972340774807940305961698926367746450794088062192745814182563223322754300042575479581662784309982681077077702346914347445341655603401063210201845765, 1172040571607866353623107687783019058490774747328050591191416699916798908835475159565154493068603237433206490818495915280228169030167492910922652817618480019283542700090405451038148533464631877578649551328788070236235499126673498922722339567012109986887569901398457000, 53174308693277288597526772687027791664667959511526327271763384258525249694956672514311494196029460279107145281944341180348671800729668985875649835682532819994875048760401604908149760814756883653865751494235785958547768359878049972624989823815772417995102158856546595859845, 2480900546393545176806209106485968647906748318969772325191392455965754049767898512827717073209950498782022970274395182110347631534843436205014318733604251249680890274965297278594635240573297163754760501715064829682004680598470299522791525219948677933979486323611037976437161600, 118986471105580820224802594956173542322255556126109250488504373580573529980918180573730138548222435872084603677330267329194382756042626043828691740782393494185945178477610622778677300773135905270842068422756224296378626486183234035412604341073958542391590143566708992387902707737405, 5864129241967445143959171089820056859810042828119168301075449547544985851579571611395716148210594529519817607633544895052015959748804781944053243752719480967460122176090561933024332091303229955368180500147117758222724227745054506201274792345488972803227128635541685980845397048130514440, 296871542874601910412933036422140378527883418173532895241944633344464908736215812826908130003161348056940766386448210312008307962283242085917695464981423723977668685164584697859356812122226016490514137819947836510025414029593384376439536362490379248163373387174297852780298225561607293778125, 15432570284793305710905910965368545437393491610332934026257249819778663815743442813993992230084339517392008799833123764859439881111332056594345481051594330867255128929595770933520804521361797241242886940432168333137161122914382493424832858267699874836524802158868699578931022957594593559762309920, 823497382966855586039650315023030953084754105818975692575113107633209279871885851997533419389530440987554981567895317216664571495981789871930869214394125089407600934812159932783603650064386862589961690028400934424532054679834364231642506150022733021151799967999392678231338316040205106942476619907925, 45091422701733144469187092649401082867108795818223833022642893321564007328664981711976939912093128826714560570731675989515685276833978886227446674703364713395602596786574629279499001462925567047975942299195121565349677186049010447867817066750644769306187959047774745489235160833097470835742249799678615080, 2532740121733648991689769807024209423562633952313814477048828674978928727643783357780032737922358953067730152697427508655106526314487760060509452271413292586717602258905110352000179413171066175517760703003490783204126017863186867846287416822316966047159271471754459679384849748834251839372806428998148130709365, 145885831011858181921330740884594462797207715653275713878012531678786294712281921408129885704327875696701256795371824498534135915714494979485344450833405652994933890112934356275210334198653411709823016493001069112557658628919563587946155208965457244316374036773056877532567345532852905947873650310293332328859712000, 8614412435419213784272658918494418433712318401610277628782761983100651916465535177228661620954856732014512512509910864813942191687025214043630104477261770403697851277278660803694895024096285308053339300895220130027417184379071310304632518934201284819637570497412235561420569186369431243315991177172510980686837134183245, 521309782941829141369044227111608225934534660391847560983417624169319051376828326785169686653704109994590239207049765895080525672132017853064319402545973297750179167895795437196400267278210801702155881132975141388739178329883879414395141515822124952145187216221398847234927164882332501120510522077771674507244636012233557000, 32321727852176348594022111125146821616167083478954940628532876116121950504414733089007305742216308523774589421076292535260887672197857238907840867277252890433808858588707212901614012971516347916335366786125591741243217795631130407571913169122487569157953752592942949927412719149869497401972772879343921591123674677394492767867005, 2052559005524606841114780144891323759913074469247554549674351764878208344832353210084319943853704456493781526596028881159207410735252726099603526435574667554108597755817262848104096279743174158078961132386119577935909302893759305402446773891954450591806695104662249092190417316893312563014878968929856396722717836713259868730626603040, 133467649334237559843488578921558327488347667362822234592574723511205497622723767485732904349087132283508143766906777997377461883059808514626719306473242757705911569072017516697968860590299899629084447633407425555282502420666698833794101472324338149732230349180662747219681886030987649410042504954663912196894727332279722964208994863001125, 8884140610284188933421973767334608510934374130338899223420143895799882743758984858920325045092635873319436081700382770617433372783993093967612943916084930923936297683709773981483599236332722518910377172270131874661824491129258141172670570403797244598776180962861635105930905061766661895330069299802248651474100630145867479389607534060807217320, 605196542513169234333638275004600866373360500132816153998603622325783812387605807574511462396755448326393305321511774717230178787418393554167761352507621579469464534511993513392644263578221390710693803352213653433838146160216193834823491926477072099313232223371097445051119183712606774971779650771828980387067209026166638563499454827756248451396325, 42179778226997842956117253214720661982757733417256754669086678061617828588166574364713150883204267726556307807688084650692074540767912357151276295224371193602703800197347899909413734594347718046972515318435882789724783434782427845511858093307746017033735033040072007530282802628033841788433154540193392617057036200287710041321658003675299492068518615680, 3006954210024449226498642864424221272088816057582816783604520192334673382221806919886035813312749041958472627302275866663187301936803704028957335810250198020743151212268734436642195725496454471850623644535975648196690086282204498678694851613815905808317936770393693344826330716549904547255611154015846766277379053682310561135779677424008425490072623593567965, 219206961910782348611751064816525730735274690597787343524769522021197689563969724459692010790499405158772654530335910679746354311192990023710989780567239435712175723374390740431216068388691530997910463686672624753538707289972707953676854682647179533426377590561700244837839509236488041494934053127755229261620933013440439906798338484210214218226294259971105013000, 16337275664248697659685195109710846185969287415562492925557547706717842605513099594256385872205130167078167169491405087050816040458902353477156357355895787904192744487369967493598102360940791113743268948104024050256486315614375951079582302643011643446734495446972957547519340783886217244575940045558469481639346516558702545813773368889703055470187484901386485514249645, 1244508310999808792924179422677333419062396438167888461097271754106938378317565874692074450201097995607346462303177273911182962697997345678475862677942717539389786504069894643792329045447025703880507255390772136052338101578240702449438261486134054951198446925168612014139833303553316484822816808910461971233358860245375725129910000148542019953497001849848016920533481338400, 96873771436536116250011050440626310673236001143426605700272730611438190306617645251905767278103669076071455972141622178520392999374811384958239626713739075983640371263304668967438685226641927815762565266873093842450050164951834519366723712342160971456238307102049927792658764181893708495092883222399270302775887040360291819837324321562659375200160120994019485111246720862783605, 7703789799719098108665878775240366729978419754929857391708488629144010645943461621012554237023916179605506464728590362124655732882282500577419048074783386278523016884343040494966594003963472667620702240282815914726997789317629688318119336500298009094085895133983418457783395562800915274363766445378079571557949640997611846680743379347948924153417533461928405533986784229892003801640, 625740326482183743876386003518898787642497144594177666641521988902222264716757670166744717902267591688457262597579752163575161903363396109400862179874280550473032046430763464203661597971933067427491539466971722673700395437324471433639243107236705788667126832257803164233456304588504343160196929525834513199794459590031022246643380987537151364361339155445134739498076549072978008788615125, 51901405639738248452082960675871541042219283161219472381914399847505923524666748194310473881685683125007399188893654963455578228912573526898145112647492325978435170059153244774908507582184016344705858249548502565447405599153440958591773380286641324935206167974791225654179799727788904239079374122590817862843751656235533109225588592630281482765586914909241255832928461286309087960962893342720, 4395062930978674617170837192993477966996171117375226140772893293486649109992304903842405238775025332708751570714703595960381820002545638831261826284102297656179868635779155920784027330566924688086036782430016745744651753541912533814509961616053074036838193510273295779621599620748892199869480480075113047443471734001681179222332067612524866242072665541429458785188215030185939877622298771155295725, 379891659502072719209778483613584261555281046701445046703845804715812002471294866668522139218758089658013650766296120020431562993740034838018947216692666200209563125402207121168888186344882702339404675326120927435184718969148751772790983042245163507448146094253982594007372584819051246187918414775772471368823922800169314407261494596156199338499792918738996699556528554349151899262161016583579141718280, 33509863393018332488775350261070654127529785848487766124699534588177060925990448893963669378347432330643726120444214450882247740114814733026813315037243392854285353728603287951186458029295758290656547005841800888130208875549642245126119823173403627828493518828049550634796328334303691374990095448956113926972589406280135054550129176832342187449728233569048159871181827250584339882015961111820932511828201565, 3015887705371649923989781523496358871477680726363898951222958112935935483339140400456730244051268909757935350839979300579402296610333325972413198353351905356885681835574295915606781222636618246159089230525762079931718798799467802061350784085606326504564416694524459557131669550087332223749108590406050253427533046565212154909511625914910796870475541021214334388406364452552590589381436500063883926064538141300000, 276885634342465807871577851890677211631494389806743198812828561390535300789883141025531946976102947335966286625267659606894345449498092324201283327622885078910317563642240533715942977269045284561619823165339690796451171198980339439450554136115431230057554532307596107480701449723967884130181910576589067716928381472105562730087352863622045349881488945616666825865199914024400789420520303634365119368059182214612159045, 25926463257291128385863063739635451388326608683944206164038015174364163424761497793066709387054375576750539214443562574951158930509203372868911365665296467248846495389204834615026036619564324265211833761909747287416501866387723063752392087089304518657669176187154069120062960946353456798413713378749493944742305927522076471794459372738113838381503098911762214906713859149588792318179839151107412317147589585847424124805800, 2475484638269414229410591188924132534008812923751676748748513726863464687959652570779802478985338834443718234734285798218911605843949247244896526105088171989387112226256666813877301002472621245166691099420904580749815014704566185850142148867373884745952910611525657673652731574118774408569339767116380431337940112265735383603406775368407847402504297387193968041507945985461887479332129221986886835453569001246297902860583067205, 240973576627697858747744588694630757390553885249683221430175320227797106584744419849989092514348823500089307841974316741821731359273395523807207437173703014134899052552728974330071988784694842489506378382028535508509992791401290795396237339345643436710040130568353620584051502351017976027773810290176936708160442288395745181490029141462293497549378324859009625032549494008801974788106786985091512110392220857319623056060598094490240, 23910603140883320034244956813224736902077709263899817646409146149603167900871265059615167704736262011796361570619901578707261294123902670849770157953560681577535358489544532477901393087161345746021270394956781435831904034726793079173191649996571470007553731955644888002452510320779758671355856326042806544867219886066067815633348141561596072294337064284135230043854723543023375948349895938595705289153668114567539597737612845925794560125, 2417935832018684855142987012780538294485706271602605159675478495232470750807705807888524218973749759680895267467366927245193091106985533687012157452895870363846685591896701302295300474546103927220654947419609565917065463607712223338309832414253293333043863590282633654360007653678532315882189615114752769043152743758545041788106697467274841214692541288668891002954765063564695869400934876894552101660375534417527874281618361431400049098586120, 249146526067037306158788524783919446402101659932204038258120979627249018633976814150641424047274148987279129255104955550271941300754896376643419716103843378161126330074627998889810056197705094764743506437063989281660342435602275205002783441797073598330172748206312854378909548642689648360816700131039240074975501869624239650888302213725466913603134146925731197835461946914769827078941730650091543107186755441916489693852237580252892459167412906125, 26154405720413308251324984177716727805507023853043051120184507957350092980120350042277734130786651064088613872683897813845347309988046002034519628117717062465842397625914148811456700459410290028023714331737229338831576107519784441920372194586089598058308214415705898201280408778314988526325093912955975266110628284265674181591650413188044614722402610207675558223975453339324877367438987116724009829220036839270625422101832492224627638793558337233902880, 2796664449278074638005929233139071987515060553582040413230209251371488092271288909670715832870885811631931392792216509336669142509711770951549149314999367772410061735741374018260253523424282902406547749778330195971921601600983030590103478394895974630776839059257015988764712830256443408131415967018469479229943371808244274563413587031784422607651788706896539765331471250120669812022883453404181647028669319186368705759926846561087208788556399442084001590165, 304556758526382328078845693488844939440390094285084201000769787474355053248343362263140954199639464886717328675072377866763269619307611856623702360403431150415455723022235630588541608700904408072073049950860158341342262414347052031262268797204171637291597773553089041176477227214926687145511198808311326288140833189917801499955739627761323621973279790181033180444597219138140942529292008075715381361422088859395552057256033590502397037073791899242947773169513000, 33771994396232009978335120105284526489605417165178701964774360963243757499655547097997437270243820621823197859450100909267512204815401771169145731042776076838419469670212686840332790447234588906704108436000932098313102136864530252694641724653173388687627985511528490687018383248636005410878591324654834660765648851596795090528592011582825415116995022653384588346320941033009310976130661483508002923786734011529513372077064308817220305044075709915151235618994127611445, 3812723079357008998514121719406201902570493176280014737015166255306367246681112645175518678061446372921351745540478592252665057874839598357911876451805247970750204447888331493526210710330996149211267025990761230171155978843458007408214272146444662889278449052309520484601627395238010466866549446188232213861798692749871778540315923739654658065048270077476506485946248958862619171961247158842119498083827122965635941654012252208228903558255971346580913896441961030822259200, 438161949002786831118241382115880128845303646311275573592519921226063030355840146296215782001499478622494663949257340300268521116034441482889590753717910902046584245355774943567525661041948408463508017893884271332499416244669037669359392369341567103898768643540462403610903621888147400862770728905397834249211767569508014661631646272084852959493412245573677601871428876601451057860958484741295214839291496798333848050820742036021873825818334483120425205893006603623124850097805, 51249174203161958914913985017801803390262095687152036189675500066285236282540486871390582726023385017601465874160935550880607303815852413604698092917861730746976679673792860499432071418110453647525751804940279912134461721641469321958951969087667054740415575623066644575945731230525272594513115535690952285124805181999935426883083874568132741554187469891279627025289807122812121531649148209280853508462890631520320203416197271501262450163015674483697413782069624386175174966840248840, 6099932959531352159847637066743859648525945939163271107476126395389600248529381449867264108964933401720014475672005353943564284336681833529299190509548492502158899298173195220944902300540596745396752608583016816541804306418375886046164258120659571190477963888535507370651940659713270570561923576635615595736979936787542314184759058170471999563487163603809557606685119292792712765304539865609653588844795557416706112211612880240437763130652940655422084675410837042564500200428160618776125, 738726281131084871966188239330948378875086157016428784199788810987262148497902211104725152652089294681900633061782536383981409090309516767732249167468360635981451340605966634037311448204668428254528327909837668550478668724490993303734676315444356709451643338757204084615432621653915919177331192824879591106131218264718524417031060980676841035136549461075752664399994686834368686729440995884791488223460121185392777013275166248637974866174593725134236142530954009202731232272651963576264447520, 91011816561630787311106357273812171225789489630581042642198181302441683957090050310313243531890053194104839893844670265042893581335222775301380829681269498713550786613995695280030807730263355029386144526819910603087522465526014866013415856739060190961151910978226300428705914420384095158566380287217990503866472221431586926702643743880367492369858030153993804006743745412681056573753860134002196140618510390161575520812513756998447141487576121530263026995956064887785690547222994564559356199527525, 11405236804237323742678604268125046049331035682545893939749707288096782066766696744687214426442333906072442116137038698934115252038604777309667840052337968500787330375319484549712340701525682598862554087522963917136515965289858078949337221503112066890487712876147407064523710371504853268890904512073009697982530832900920747306668503408112132673821128906777887542909099200135539285596538736552619211557749248053487997966140973972017401982657089245686441491025230227477751596615796786852320281499991949480, 1453586025463242673680645435368268993941191166704791636727160444160646777627348733413640791435649013995026675259549445140454054757068140263339856546830421747456844469004092986376288110068746721542433655900714228275131823260227122304014079543350129813125768518352110882966482363137922044266876889159193012998175572122389448323487594090860483197145829058039934989456221783958074346409993265434894765893823583915168991852786700991759645865287663367273491281589674567261811963237086684687541367556892473969913765, 188384748900036250509011648423727661614778375204940996119839993563219822380504395850407846570060112213755457113637608090202845496516030978128845408469222658470407043182930451034366939064909575111899401804732563984457084294525435050600224708818176823781099599978433570432456114262674696936987244835031414484563554147061672502723992194175518622350099445921975574633526343200966435294735127200362361659839536475405901344121156448532050104141281172398644470094021823917130830435526434335505361235373264626500824592000, 24823269977808876693321955901146170243317731722379870117715196111831912775256683736812391534690250926294342828406913980437938748230420885957059830628581000483987065673171562602347497193644069802919872276407805223667925540405322051182541009656262341892811713189558213142314309720278382140689872264667254455216454966404169524011437727434313913348450253889692799493885132717248146212351952976064548033555395881827760214213500664066619710172592478805796983179819161715736412395658882725955205944623899706569387155663906845, 3325225953147365886330635924693936381113870070603117881488656810356555707722284326648440720420967253082684987922076569163544522957954260199263906671682196500832971369315369839960061334071785014519934410658483956541660633690535320688208463489514278270593485852020459999691855672889610958038252529085766737802975441479636932758476152216190954576505002210047688649002876838271692674021818212861702596382946610746119447255183694955708109895879798090909340678835855626793186858872881294438055567518039109093208825824114305998600, 452766091006498486448665718142251071588845662683391133861376999954958981719173956200778336933239322146991470640457867733877385790478010022991972796322919557749918214617350072778801911308548319362048789289669834006669053543936979800227152597195753643602279627096957854018042760276322317657446502612847084785990939087308844401326871361908776566091497605922303334136880713175911946187484789681462287226098393465802370057713067088864171951532889187856306736170968937999787115890990389931980084128823723133240406933037228019076055405, 62655582737843286548712156739397272290750818184778398668272794761767043726226168754888509378169390355989267673109121568484888155229508939021721163446350900079664682211607372471421723694522150626597759657061670309178890305624175012674634285010337172216257863916185415670432829338078587606708076817576230981024570114658147123633217766546384136322005804697952024591198100612135398761208895135279477155496400081371595178066565076025379571340927337372307151378283365516162540245458814120347131962083142102070340473021423762191820851857440, 8810941322509212170912647041477741415886833807234462312725861763373490524000554981156196631305070518810990766530970220568187396829149694549929538609643095323702845936007286753793679894542177431865309951774297387228281449228399611157370446329578664842911262113213574078654616625667301382193323302471657481706580172373801939260921248420585269170282066285649503458137232898581540450795000878398676474991681261442880571915610713816069002219817906817980693162571098275710357222017645735673815432167941858103641629018637716558224807292453203125, 1258942539925406271828682659874505604467574361712888913091522032197857820031295297927521999467393696009789604685011148995664888008536224956072132194700244032231957438720465160529056158051764480174642947149318707876725766591550650040609718853355517947414532775784408318654486241941846690693310806750360307616163001349458316289357471659326905600126582759158743652112480385480924825771392905509116489452711385360004547637590121232895203313176461797780353361840808806026598681310769293296017444209884204453280730520699031492705393365174883476026920, 182749358038111899824923403590043108050117561920604667513278429715873239013562856742457020964686336306477068805680903399359710808207126950848386781514882123962823173762101443167558320958952183706631344851142252954093389004196083910544947398471940340764640992265640495944203877366520407467731690018689052613869837438888718650879419943539552943819974879902242387284299765236796528633801165556608858725445037410243620139620219588288300608144008371027593874358173647091627091177752581384143188218951001002642684123115192110512607606282151260263544459925, 26947489338867828300583905399773396540638135210564681852837984132183804331983924603815742483368788406407882657810483291655985516934990111664299721255058458471062053910264430403715479775323253200645031586370032051598794769002737749113315763589078434887790902155522284969948526940957633203561844083395812942230790749388774897384075747194568318883918215890865053459393706182757068926225784668315315872219223436364883251307839099610639654474482898358244882337358853305542964356706684640580217962013638803845679630058073767847747067191940896233421211883438080, 4035898530792895776750150927818661826494832872351061836417692045493036190996900403988879935991660070839302177777618272108025294885836534033850504952648850266752492752086393477134063690470388308607405735659053330335899893758771029946952188596972688114709555624930417097664220931420283767264253826526107508544963299745207427606315640581583302550925547275758968191559935981285343456011909543988916542866400874840932199665123754109585890410988829204215977782783898100717864228739603451935058663952820670013163592514167650136789230506269796087983261482570638552365, 613860166533599447643697956121218463809864079884596505319130960119490804650628551446708638264331496774657861239975739187630647352135736826548661803297890125573054147592340447872091087320546061739186412393742011544090373840709073654931427885599545862247323410551916440554728003669025161000893007014620952049688917891246049738920608932458820317995775740642939061936266262753500739659411441640714206169979573063305787569065323000068013931511400921961250220761430901119187149191293685039322422787224023909002182421404899585805641960003635984982254071498994123815477000, 94810088860947901089121505624966070516969697274096045650034457659495235287484929142392702471287735345349132010653012941790365852890012417123614266857555832004632640041489389833396596345571018689555602207801059940973214149323675716930504105502964258878236853436332942327237185438677267091426924040401191423122403679385061136126549129009332339294129567366561295176994388016015435739656437749966668428747175080054515584254570072037504683708004360995993135346382241246957336005446118360638308877063963268721478072803565336128095595080601574244524159088948143429176607945245, 14867738894818406057191678026084679314189120047734645494655803512331404816842236648393454030737457505916269485382562877479798011586800187203656694871534475351638472080746200156113920652527064866821351315818531015703655550040341531226173931808552843220249590408471986683988026471751614316209204520319553234208362855386447747122820928214727460118748222236154676064475551951119476570949963942198773076322417007353828915860464660416633334480354411873947659512478277543382861603030038496841857044865662463947827305464763901750263438838159616466729300531692492059989758951542324000, 2366958899793985062710972333430707031498222100719403297394698574966671978246100916660886275147433972399376018342389392657661323242630176603009349480243160010456196393726875811053492281802961253862825950829625956231037667221972412112738116117853421193506955042619148752077577802329328750754821568839393194439205574940377867789700214592712826378364835728218060584140572346170171789571805209561986872523605109987736917233901834402988443482606902724744341342046054263184094950063985158735720483399658329922958054857295877922543689726473849101119771373945976428442429614844489523920005, 382510026042307162074343972971735979118238684364658450472172868508914058372482892536065865608925919675628762068203495411048700481302007059752722913405215630329763162011838038569488566708485750469248124957870873030760611173739629687066930517109584278555497962707424914930744883167628843436982184810721297794153377732664824946286713479040763594049270913022951462639453053430484441881962009086055326547304680194458236772667472046860544420563205907929584538240010553147602480310140257592327372999318384748869713497158443055794750434557079910137359533115165574742010395477328885023569296040, 62741207021589432259244270166688993974869100202913102338698154757174628424546506448228203606504073974795007698237078334797263096445561707975940375871290493764839402648991734276360362154359375220718423696214769948870509247772642759421153278068899561290065553333085371671515429461570321044751002863578560870686007782600347911814678178399661248513931661508589613659436287088935210579688818540340224936921650168896012286636782102486300798582879849048150103884817730980035496832870755751581497356213198058433354756371413622226733940028225032260280397419215033397058255118168870365990953783781125, 10444152285641863251602838189027716693032609896177726667709049633498317346063709649397859685153094170140276161479337007923691604086713984156506938729038500754070226322561760054580051325663279036741671682166695464768780451421225204304282859280461296570589472270038723309927144449890841922393430940682741556777875599522784314792318588289121210072623120101365861448204402093972510893937319489499195203899725573715105789282705295908279576135300511191951258893082298769860628944786997485431262375904673801599049966164610997210351038592858451770175316075992211319407905379990862836604318130663342024320, 1764236648242909182324003029728750931503761496272237766436080373140169264414427897685935855875745820314265589473251086715477909453931812917701308597047912585878296700633455070179716849982366758165439922223280364604207162634524782736283764872514802678000544245327211180236203167620010908372620747931069386512475524146988249239033248252386643926677570070642822681692135806115930512714785945485693553037945543637529385031423861290122494280351097651055598603478354990503627301982364402236534271800193403239913119334492254259769707790144242531469784566872680328285702784693436541222038022949782398091003325, 302383104562241662213604823283388994656018705415076464216078431634732451243575283951778661953679330618583864973357343258686051768766097006842333488299624025569196541301771665208522749219577732882523740909381361371702690846907009661868092164089547119798581281472102687447764278117399389651433705712393568570692254936697197966573342617466061222456828799827897236351305308625046026157263451912465932216491714397297986476845924129681835029675056733000325378241776131952359705050569329085733028049465948541708149001454634411107488836399562592923795195623709917546856314485316249419292428981500903903205606748680, 52581095669223640400661529115925228891740436665922231286069662398531991214294062551090839748463345121934929696352135061909658856018967842422806527946933322182202017370423773091444812339043152393209170782991415547564009208677813003092580678321367259114655500453902464217604282557556462467098155652622405245189105518687339057209471974408555919911795503173273222531892128811500628442460384389606788487193527724831749570472260900986244611475165940244693579697084209809063876751538450065389030514493584325969088321713944923113070126272683539720925822771811293852305297669537157295271341183164210678824519751922085965, 9275305276051050166676693736049210376503013027868681598862688447101043250201472634012424131628934079509321598436516624920863822201745927403383071529839038032940435864142753573330864896607212082162097726119685702590291224410766213745531231655889184507825230280068394687985395443152959979196114657122592285251358213496446609691750856285669264272440726759765396454625771522348710857250011806326637489140938290660320624231306822933973549464219271859163947458565654610318867858971382591534624982756668275100947179950339884437145570274501376406771315136947512235546654508906354546885864584710166763744645284239055965108000, 1659621097738538355273294133497549163457307618063515329802901981151342567715299296931209037448233545912523404286647483180465242842736197044359929605762569236195999248735198754122518325085031850649181984036869243078778218492593987859274157748956595894800660628782357793126538821247915976117581599484288315007740273782705695425535288964338515787003546798398062622229734672722332484976887362494218919294498947409560508973083498520752953232083290094488345954813694013769744707137890515720698913539667897795537377961334365182454019743646256779087184646138881416794127344624105112719740864277605428870065636063610044780810226645, 301181398333198986561576326170601231987578357295694507991311439931421043818701655209888091279955630978021097316323638657658110410128394094822262585135368014707905159663468929103138135563131240128410949735074882756964355979161986540749637051649647196604844688268907162865431759124786799681914238348010706254344673924990298783044442100092296490962255658786086812431763329466958010043665610996000872597888490980097402926399300977552162940745547153187367070495769934842878190472555819230929556033524771420342941202911115255851025686997948095241625920842699643994131053993004099435927693085642722809624031370279696486642316691535400, 55429725730640274685779068644763621336225908455056912945228948716418660325437671326483014207254314280825980771193518782194056297990439777605184028430898264794857573489624485181070645607174236564472879600192916497474477038760951164946103952622652719710352221273697943160916926381084887400259178339806238389755848133829139578330282168543086338493184493698650203046754154918428419126446262713314996593787995768468106131977453751209677619777751243619756223021111994578418145052759645527079506421965932456971335241924964562802078618460789365396364076097811285180323873307926467464287568563174772348606016357417645621098138606226867471605, 10344517134755010622958832906760366068251823939516541321490407325252916064574479973633566043414629148344867835443219249208183562556167833055789864121887957769075499794927679922432128165793284724608186682506402848424676802881723750206901704054249941163224772942982604944462960468943586026185968898487999433249795402127729344666310579422184944834952062952016895493397447407496785291053907332609697924319090922294591838774160328865754876113403048089293385365092004876202707902326216086845685806492970178849818468189004586568375120091626354527731049337677933285492762532218469064055203195533928714786249196686710696391819019248482915021744640, 1957441254824016885129385156781730269264951384955017531559022326120983042319105973010811534565133200595557616161743162431418534624690858209981837038464248808853311448695190233322219452172234302013984124997274078993159468025294176632900974949665445116611207660135883420616003694735850065805039964816391692756692534967619585244482619391162946186393804112095397049738131985683579196699675615013070089729279979771194140692040488229622466432558691774696540845709534622699457402817678239033374896733632282092856899643064392893400782099337996935509907810922106925947367990159039808645845824674907661055428004243042831524741953917294179594989630450125, 375523360090458695310761766017634261776865333495310383324409079132353870770666566286286128037113413735054155314933455253493057356539193002435755544807135348485654681563480075121467868582530117435570770475977048410363684983844536021962254638243617652951160522351108418944656612812904420024302087010235847905214922678328011711642523634478264248182532956080829351609962192661480567411652568686567418294023988439224968726923815423923692450287789664824883182004299960157154705986154664089118773688966951525822039055124045390241579641065398684095962754078540681101446864704070833049853646388932985327517530046002308971032595407309384590221190664074739720, 73032158593752497522732259016875528864626546923501458659314402118739313141350004477923212466785853816607067179803573311154583287757098794306708174109636489708838608125147168489698192549799039768987239012938492351895939819343069210087241244300257004763594649547365916424775762716466464510746294183837677936454103377403910045691949638956967309250787191831555773130457057190997402230785603210732318077240079295648911142980870547460103631424419621804808106119378260551323604374893345226715908225803981699693395977479579471539572650174039801481666932375948670201290487694512399682368587003366075919480936760876575050995390187408936424490807381539919456457725, 14397267616537992351641346613550774258257018954311383554262603976079793235433174482759870412852296077990650795557757228267769931015283427914447222611277299035241607851359012207385142886497183503899068350054642628283357992226015291799758389936375464891075994833169527300314594758873332947790481450225024477680816123407897210767528184025420707476463183848905578891845782426404463886168150674550926256474800272027043747082676896244094989484484386564112650807949752772045730072048974504613867284002093736350757309416414378701425193964709510304889892380865017048801601582145396423783413767495574742462793949292164499253027239985048090978419803967253561968251061280, 2876703645192839713789105825506966653768076700242003236593656637856527406578667160225766947321604427047233944809599914022954842146232766448157785102736705842932590423172192870145418015008115738730568947956068088914669477068687889439217924134797245264421003451620770080348558864175721782965068308088011915860926188802008533786249038921935286140164632301665974812800813940837449524631372018131346024379973367553451584060842587961636375753905340794988784645285632151629685279966033546792392208149174347366508467237184340593953066580894642544509744506728258191503999210526889514039740121469523293716748396214118096431248119794172474010307082610892966963314276304294565, 582532488151550042042293929665160747388035531799005655410215469165946799832180099945717806832624896477064873823943982589648355534612135205751951483304182933193849560692369056204447148039143437092940211961103788005220569106409297611441629637296442166045253198953205941270583169995583661050426332387822412961837553232406728091715430381691895443383338041087359899592164823019583528737852833671597569936944606929573945772320624062231366090165831510985228890670340510705011269193121793225459422150207805341717964615529828970275495982631165115263223262612472283779559840131695126593047374597578466977641550233358914527327744258319925987087184228705825810071140951619650425000, 119540909361091432577457095012657971810751383444942151541074906212074776846761846129760805422316122381162005692537720723239149390902221653437152211937368075537776674500120361654658394801964585582405167956326147232763307765757145553546325376239965600451980363703988438002195101731623727500496937242972649541485722461268952264972831753196612172041251416073496037635408551167025716348766042144914865729190465843410939837992142943186436403996840118537767835425569905861264657539851330066003302560021993526368601800788260673161264255099758762138050782497442824882119695233585025233032658693794479630014844881837349491238399071505573691884173988388493808658888763540916844064851045, 24856858528907908124426118508552048026440399668007491222844951698113980798408271236837942836294725223449302815683523496307455767746644361729107682341408568155023130588857027521023047981541308067663001004166633750991871163580477817822208713433833487095582988907152539844424440673666911401543331142554760855058375185706420858169390743432690748605569654452658472081756312495466659354697015739445017520264948705615497186152734235034414840101486946888269292627051303945167927830206526168604462721120733245898981584048707771334460644148423437963937727509388271234688440948090735806855878918152848916346766785349731103810147749332582971195627602449549848597294693935644084887468867932800, 5236867811728846991562219073500254030258489842455486258320197268710351588589452992448254634693409004801522566511020413725551088604630780773450135623370298547468428175590987415156656771799104325003308714558830565292718408614298647136600753954953472894784519685947804246963185585568818560988550548444579571704553542499814452819985411217142719606970020369740539556656501672857411259506921973002015736186939658247778562675844201371285552927421371457367462839959795766471924203195741139727756810548437200979243339108965801972515502969833998333680364369405430371995395427384704310524203426355360362544853173104266698681825737977137912954466018911673611652326643413055431448176828564951290205, 1117778013206652017267006287924188221234493105933068808920896185822612284474887204520125262247499991620856182686378241187236526556126812371408290747994650003165851183510842717840697447999888023546006225270295031178338988008270360439424611327161089068554387019847443129688810184126150908931640183262204842102906726325330396067708966111831810643790109027798899725130990343061377288874195453605442246794685148415038847531782889717492673559040527209346340738412378647578833389626911771828051324670700629925813615272774096636221599015893247940334071692463372680320185181602700826855528076134993537223023640680067101233443612816792224692653044940583262365519208076656203510024654996217463187583240, 241691550905608332433558434606407598136428271830377803208920777779494341210582485797364084829465685688219628101362135200710217954598520005007757666985143196934536172154631966665104805693775787891235196059069543116536347682088258686014586584215406483848172333366513390716962982062676980283743898625870241983701006899694564889740371197530833256453516324535817093066448386928446304286822911955836749813180796216041774807559755329164853340303537995840912526163216573072733249672078997863520397676922243705709048962355579045167015247211517535898734651702892757802232040892043986286836558262288977586048286706047508964201345181310898784168904642277615904984390766374987603955081026557120977735187150125, 52936250245549959402927702581233817774233065809376667970030664432375968589306618369281871315688892342176615825272740300200354777287986245576819115253754003565389850569996111866857914962273548167089897581641647611556257014721698770445658812021195189718362097143267228888392100183295762929666723652632603880238129335198702380410495061167993223161474959465132802991785791498616023350117101468215188291082110710422333685450967851215002838006642106001060025130372346700682327276177430428059691580790217505399218739930968344788660347505255416782684458354574383384876070524339042052488090336839581026806639947505349603375235426991438295303810170370212545973301203214515284968657666760646865027471630370073120, 11743430690723048543904884468323491368853637552217929399139572628342717247820369525659859614543739566080802631294329980936746904148344156705007129347008041904949649840298507452655626713145726198935389969408964747795251612402876376934435396517593962082311165992359545323829791896762515344080195641823669477395906849849815334772644634864568784619364766482704526148500751771844477236013327906810325585681946522110800927114128159081387444586231491437381157034946931764426068165274477343591190039974082641615268084485025948576261200150913366914487502925837135784484292361189897427966010448414829494567811812594534261362365602359207662868492552005098321411263112222311285332731985451848661184559333952927392123125, 2638467033868891654650373822805048746788559870682115505681082619845528340371289343547154618757229230748770411988684882796944547436433371751854181793168378823036467527518907460432855587402729179472007676766928563675645951268228652864121207147986941024805343530499373205176782324197014897446562036022374763503402767396857110155378705982831856253140398274268122116940554905090929767478530460790516711288677016801766309100293858269769805499856146570185048837983736841104191291101208471648694213421216991587551972149757690022320061405106611624879394207365384319514792870542701394525691363508050231521517686806489579705850854075657340862641432614297470461396951001660010343416891563379549800302052915207914752656355880, 600327765749155049290944905529009936308054238816431058892111047410833217756339093047940543251213609643036983069373482697905995933664248641327630129217808065226664420068849495564827198946155567476086434687102489164556047646108797157520634141174320704432935008150991886000668105442222602601118813494134907565165728263039501416543161593567749421420781678945951557145367517000434159064622557213205476802801392955889086543280761278262454075576769172967633977057601659719595540272966862345755745685516080878924112671262217453088461251442502236397183684607638528834881307041710305595036030247623161127859397761393767580892538976980239109135942521298489156611186864456700493427301920524185586512925797744341635757147998158165, 138315517228605323356633706233883889325375696623305715968742385323455973371060527038245501165079615661755720899183650413597541463116242886961885981771782978228223482383862923778136186637194242746490314551908413503513713377663466865092754106126563490301348225877988530534553931493888087639297774629048682703014183791804301126371544431158009466695348098829147238766292675916900030248489037181922541855365440937036845539571887398511669419012887617451742868314071422399394812478891565084462123805942905034504115559458814901191581472332352515265911120933599917043556653142410054409096301369052376323858805244225124050637640980296247090744921156907171901683217453570823793685650362488772359132578103800296312878446898775642368000, 32267488698744107280545720693596538656827570889554367172631942329723720571761339292225254721300258458115330372849654621337756850388925186856451418801557479207884027981848997625277612844404407696085978991500161877821210680161732521490623512664159870088911226266850066299875552124277658077284138545436138139103475922606233605470091228800420870475891062627752930184549652071977691156639758995133527866896348350760388659081186039311388847092097539387699642006121408060132416408388134326989084400564614372594430614750587469484082850098942185933869139491478591047174288054939699183043667050084859820216696816620034964649204626652331187552791911773717225771776116526083912005131687414643214889680013257467326535099998568470832389518445, 7621451760688563163235777044944728044588044933829183308706974250511423904167741295466436264152235846773008572745597022941492817034462573434746399315252670358985375873200805843100071043396943480184723893876372234893858677811480574645999311197223904675520475999324918259765405909545885727222204387877834083903684599015901952677613667877744207922923565428424731097869889620792842740433684515614558748049449895056200759720339817741192800127765070413217104643277852098171036225995643775497513779075759656349314133481629757942262432861969748548836155271329277290978378141424537188238181982561843550095902921298385778510283535996774017175219238393304913858390431618994915679964084040589068784082860411360752658284479261878536727074699816200, 1822449166467609912156102242764228314749937892622168141961320389756542195388494466313229705920346787916208582923499905722792703902097725022289993750662533788910942064175649894007932087968120521925251362227612005180054380896959046489926001292791377309915131741434573779193363626496521740979100735433735563977132965001281490826223657876594072742737405888810350124853745876013605348935243075058268902392332508355733781865087377558091763559351311402278887279405243271566756353396304335240740992366374724785904344912260789348911735208387068242746250284635528115096040759555576756988702313852170591542482402443791305743157509411084599760955599503845464306732178399165683232308691739869698716718677664424994536401642965579657580714829294750755805, 441149335031815525776154733292480162781628966039692509115725058826027629984520524493645635533902824870149114416794081178882093077357383709795605047260375579078938279822614515943136072941915126019314045746264672421904683657441494629537447576938251957147296449858618667286662372884254038708365040422031765558560714040070202795359003520239867624397987419068988592622597141731357365184660679720904803588697576302622342173390510961221924654230815843281236570401950807288535309928523012605714727576174131380575149346841495712954970271483007287112128328900014477652608010421061132103713236900311822071139460265153898633411679358084782556535956238298848471944818032015641945945571157319818750163789990161371877459527302820074232618154438404546954391840, 108092615816170599203302313524989951885568637403875657046080532538847420036957141514055521846694539663808286759974969740855584856279492943492668126704973526263816852013536121768966916272592753752882424058978501360177195113164602221602413092539295185800016312626608038951914447915964345834517144029408333355986338957668201439932839837546773564668116867357378929907351864652725838404371483048614699499320623633550039391035009948273402088402905651999984990662737996555873364315236351163715251124352066541525425968709837487066791590770123860524649243788726047386830277753420503893712335871498904202980946251469334012651696734714723845915222677289175346838279038294632667805313572822288589258882642339290144274520677373488688847263291270074117499861821125, 26807401092873573284815786963451608027428564350710778450056156391764315558845518924051825640067632614783110349620832395611148466696739367957955666095340254407531634566765012343190871103268093301729852696322904251329385096845274009366284856602115363259147245596649300092230590740950821624343589787869384305618036006857544629909104011070950031131951655572099404132742891841334618827637745281988639934629511943614943969134246607211596811532274213318604277624321674097842817843635876034006037139843809910564471741943914536142512581677353797905555111056579214656123456203959298647656234145475214237956086594149400712473671396996190372682358884858424642717280554613222080146388987314218859290559930830713312940658226071334688788876685288143461436435731087524520, 6728684481712359768062047343613317066492597080592756101742545310489234969585784095455932287482615853943175480865178552130793876289348278096814830145596499196544847807892584863153251837791394686827494756629745289987926988693260621624946865291987558293409217792004570972449970506569397178531865380345003330094432655757250559651815015882819528764150997500252522536722598595066830660355901703524430612231942127359294551196665032656718011291412359817182992287982364520232645121570448520411549328137936131361592971699664492486306800513597480628092238430312439457901643630649987919860362426748424248941215691218093728231603994317440779733644762458349443746680136488473355338823782204856247900789833198439872261418155402131078220696836884009296964006804938699743299525, 1709193517306646778844049018035280347962183540023849533940234389589233510034302532791334095937184148755229662947449195098055737279515092209040515894263840339909536060769642836598736418828418912769172908100061379581573261959907290062682502934009511607458635866653833100137851708196731993701950316453716365897267405484833758160515443074490285418554579781024144764688127604724496057020964727122461766396709011423298564716772064935328882356199401991321554969024128305971415583200839051360860114136285984343946400299261975723401708239261977639225478037114244621338343908483187331451249822192927734019051845020455296470479120220539037104821507980620092302756701550256047829746661860548764666767030269734902592356394162627727965308527717928505577609152563308753993973412480, 439346484430156247855083956036950778163331316779590498849803309609522884520807431751479638026557248253383029630978868150760129211962074937241655570104625895533406334884775921504868597723426253108403126854212677560063825413532209003322474696684210949185634890887501144557334643740261762249092626894111338137526689312471032701402334126854653376554036178132475387618318512666826986961181962142101674590507654677347472761881542519561353880778700082467214383232683156921646404246192477313257731478618175989627078250524991597724685701194052090185269903962179465670399963331694820362212315544869881101863257710663013502440187373569338948757263804910414106331307376791766838588549684592199408827798363805086976462618763109294845754591741365804430218855057245951905396871705856765, 114274020600283640067107336965210897400282475494371488750833840829436902263862012998559853850707540270704926007017603606012709608031335691176554613784213195428238987703530217183416322267863168433495653294780717433372600990059727561764175668607563267883183635119839047699362740836842084360988992255158359049570691890173715605634747106394895343241704809932256848319524645144641699308603428353160645560991040981578077665365389209337908144390539891449722461078820889115320229744434663349178335957588587574902003052961550314568190750880572948657188702020562879020871030462573822776211423273220656074594633330543449811984692735865385060571764315657198709056773048703538554716881772962431066236110354425703122577927140284727589380769311929245732299924200389672090593726330693345877000, 30073379727356045272820570761797586657934938793378250323068191057242080131878302098817998178036852665501144672340815723390758774835998582511242701154977602427654226154950343725942490114911282173474617581934146626223234029953028442701916346531783817645549554070852922343993593143290894499197112102797770192716469414045126562219290761242838212585576213125062102515400981338070211365345855636272933931640451264080921121116544112832247948451113992692932010359652214567589709541613125918939913495622631003499385241444838234734596191718489502325163693522049512309043608215805090366192784051390206838494995058965789143570199602604957521005610643187189327063761906454261537906287059308750021270290925863857865065710507581591474969747679051107670123638751892349614409460364722237141105528845, 8007217792686911190160113888753178233195125063369719418018844278137047287593389203622884922891380243305672775878776231247129868352733638585113436638719716511977503639112458719094543648035818346380657778895458144111693399879173541040041438762166632151033442068689015691622358135960060405778226280042523100431916280305999217950259480925473131130185180201826535167340603687149222197291526138291486296902859991769129734024006569306263009762799807238449305350319560041908165703711744454673265607690499240467732316846136849027494643622198140931088784382406814949356714949107400140541025910386950911990323404419995154210427065391185569712869867412448281466688990164885860036776367263310545663342580756807339720935816906644219759545138033431723816439559523849438934205278869483972242193689485600, 2156832191855939085092718437188444842071672082194330992156973913603273194433442909277063905714945073717059324583483044424958148469360685622924740406442181559382772357734970993034025371578576065599440359981059501156069845884854064188086601986415966202834518989064141955711090009860337830960828809018534064855441401179504255346299844041566368074357810324344197339210032349774201640284642772136333040420051270242924554286440433514904310572717518877555943338467427012448425422117499198055245497353120565911628844597992267790894984700718913439339006050029482081573674095406518409256271280247739484604625502537974314733274844760835136243428340356084481544148813079803820145366119062412591890423620895234381834570992577790593678650837925823202558919976192903608720756468121563072247129534393532048405, 587702262965673705662404290638856204347057495644640086066900879874274293112002257691451481284831093466719192999805793877090296127525277061277024964908991400026855343125055836065883369349216720658797907049079017113010535886088574826226589655666568134813161072216153656659980650246784293531530477196606236128070094758996037513781166703822170238373313588418604267777306454795873559751320601122796572185817250320873054250186435085875186162096360413831953664638958382059996752720264651482885514100767704281864274091439325096734229011190692409604849724536233395515521012212749762227785823527025045723006775433557393175781662799811401264154327893587323869075845183237264128489941586602432688670189916017045299811242341566692127933494921380009526064750792947146918666605459635992178186844049687186678950440, 161985436229913815123200182607334741323157722237053923722189555015346852038995622276206314529131570136764477570571471937373012870149154490014480005953040754632402003948843514815659103676877858631581173130402404091773528953603163436478703773843097842157877520529577351616907166724269920904628087777314593832799319867948282839735934072740985671951644557807877801306120091603112649906457740684470805208715879619690635577707636170544348185927809339062432228816112904055286604968522944564970319824024098492688840546452963979787371871209434595397336705325299329638965478991139153214033467609636278227403742478874256494074820809198017473432536625670006141414029828629770925415040149807295509814721095602198110760473670394319517761669537705365125621596937306057369457483129812170344112748891195030828385716403125, 45158947853920293035306239708003208525035202436134841070966892905398456798839355560649901189689415649007748115034197232588598019991661885344196793979612513739439560268874390434368707559454716940746725769986103822320991495801304315475278952887074188828141726683317692393167847568058865629475836822910871727083125590066094083192942644535022949569367276403911404959325383617482156991521914778979508959306647783895834148895645642169035564665698398781181106478271219844149020879544700577600685641820734274185765722902343110141042679743251014243251116057408248314069352095065737689621106234084840189348524943230480722444154844471460103313416290650786992127968891744722057670906553123877071408187205916363198110247891727209972439669280399652511181291280569931897686834976861556097213128586882915474460683561730193920, 12733062095839219744527982654308292678927450714095015923210896090499054277457543533236406789346017325809873666263157285897913686314868976853535072227285523986486117852972092001265035152171411443329887544831051819845449083147631566095725128834992325356171669397354939864869999468137445811752636426424772303040085174500625953791165300995739605883528366622123263653736344490168886467486510612995841325675061715795053292456765140911623436848704986218740605963719831418476102076217303319560866924253416056683692688995267565678478535023086799227041327934662887102883308586076830464703256734868795624628899441518209574981076344102017362190354170728186551087394236685233576102946482625361502931323872767383683702363605799295851039061589970766421705188070760778567803677676910861218726310949486093730094408797749007209286925, 3630909055001128545470621421771935507152236135828478360599126285582348321542683283763560814422752916558640335176936879017505475134802777963646647056043830877890435422482109866712732363852591001534177412733843412739848878754046026861592594838071071529264488558672145232106869568336201497896134792813582370845698528019900494479273532570741123055323414912498181370444841049438598989522583420359442129064197898629254216663801320521794892758029319050191196234190492247966971363645821345392698568652407109059695072423134517958612225133043339320386196908536730234709792743171324667992921877488246285136678449145566569563303805978754862932752633908166764161876990956214465627211807199517584729884590262856061709831196375304007698894646749703869747764609505860573280625511637193541687119925111656543698801235130915899771423811080, 1047041613281620437528817628774951270261983182252722476367609447847096203134942035855614268494274835795098554814638110865399036359147942278598819964904303466426386972345743540154083919031807814521409206332645691088377481317425498720050594980859716825822471301175727848437425870551542089746810494068859934698403238826570685692493629313892046914340557834902188063613808368585559352009637858345631967316113683829819409205123722997549471429740156705184585066857278059053987565163181855549547093543725985632435208339586877809207048749390574716480447216317828361053028223555571723184450888889408092998578827701657886098400355226287561069054944287464141614596306005052609238453441630317686390972089409509539659202312267550041396122550388565355215293132678595507656360698165305864422773085684523285849879613373467087101185712978770365, 305317334432920519583403220550775790408394295944893874108794914992213252834149097655497120692930542117850738583948473128350359002327539968439415901766094890809934441136018816308930870789675158714442924566599483521370873552161275426766753496418693426409832631422842240604353383852829673370169940070479556958054384441828011947931142307930920880221706664657478039349786520279549107046010399493586281669378750204775339724214077626085425868912229695231825005495582282020142774001583829078247932477350497410418106751823533569164775415322291587325698408278278750083063029988804714480585879200151399918385586157803439586293543583985452807736421754224543694816282831073340853933023579400637351607461271812981764623394257217592071109335693305657580779477489078450032594779585003190065680631785606990153824895259703002598705753904609439892000, 90022510740212182278646856176175691026124649765056013887104071890539085384896027294625670539189877412906172420738623353420975001477272832154393339219831312460418360034514011969871958321464930871794781865537291116792680695981199898306750501665555338083512741542393611799952990875622976363521236659840826889525377198288547494835549378351124090612489988367592742424245205717904774663409120280284421563934655119127804142344796573973661732022902013409408371045366940271357076771592990419892324643014316810964368357668417049334664866432362352231394849982442211183241051329169081259886265896285440114536071693042186358579065032194526774908276217811352483872886176459143477441298069362698522484108348532785860317443173346349804574516519835479832035248158177291913660538165858605587675868601354435439865116542428170613225792833020188742717782245, 26837150811829094932181086175816792305944176089359438635967917495719949978603664072964626398461129494825936497380915439628447383540398667630539124714859231545450079820049179192410348726961839331775973190626515078573766798363131388883615232554528695168104484457652213975354785827877219221587496988085107948997747348844988624970394638476523709397033065372193278000546283747798899803556873301477270618953943645493904459699261375446732140903739456629559185942560610765935886298840215932016620253276856070417453637314677817079452951321350134997814507097365742229103089258046569828872254043937030265185035548842964428474156551137703544028555672949049157082249335381294016920890015246130232728872444431199989534394889065320418340536566827273905607020039923181556132824995853104063375579243961378875590829083162516510532420456208646587224054373241000, 8088744091836101041654311554477357017803880617509024164319366301127488643501122955255611361122582890870032086247105294419453669846459698822512122728183287247030199507842642657771671516655025336436610095628022271197211886793446163740910514707167503252361859720020834944385907803308021750605693179705839620935870048689228416554701914431462722535975162936244426182642650467870336199691845169938550841823337568695508298057817077821020514000527975967605768202273710645463842066356739922125741360957897696479890943740281208745564198981206252038476290253653132073593900205464494192991926241096664858957034899456818321706539258669454985873750708382516364993747031933257397993973171485198898274714883624008108045656153959176639408256061778307182423861447052886844199989586575121417805462959709203554481951476494265638790982057921742290035917212149212148005, 2464672679758827331796235347895468592752913639677469698964768189418750299629366168958205804179495497179662256807837971630785211016895656070014733843768360357319089910837684588393659397810852840113580842578240898122875250753510219876510397473332766911007668104129228490894163651299167459496557134629088155857643347315802655437883892134924417407601776047325421635555946168161962921390903990660956195706938250531796160451409094880376234698016876389233347994305608728515414532987164081231401895649315259708208690121438645429608393686369469821131879545449123955352355768205853238581411893367118169183644362004090369897269338273617612015675335846986266479054695618191262198355601244226045099898723899769766553943612735976958734253255048097311713280278362802832975113626987785796490995785675233159864868542693708717202167396976986562743104118210713538347239040, 759180802182712788876535393035501713282716223861652604023622721545710561043335514193351342832389100518765466653234291211572614623479284460966288392226749199063212669785777795339956936010687946075985739035162652644298649113349985477462115181723325527763136967774405605907674758691426056711427011394124879208050592056950112941254185874860093671976537066977412999292120318448088628861433201723341032182629654620056512323045286450527889692856648349793602015945985128600960561523371216121302568907380332871620981774656138758455125465243955941654147196986966406347409385501607943814039398454406574062792054606309936187606387921731064941128395324267944732210822617793363538648484073252727541896304429226582342778481312999302714118358886190174440483157742702342627159374952912719964138976882613694067376132863229627616197612453836285988944646011855037649408306836125, 236381571290818184795753566117105955454559654326459601399211265071358623128697119041298647509663999893924890759017641848800095579625003926904307418957289537617118149715178917468230351424031841642003223648944384177939404582529104878204514031442101529626441378834110027077837243565197182721896759975720298889735464545220214965840668330739938206081302487322355221111591750833270667836811287421386357144512299781119275902952672570382165846326617456785135098093005713581709484278162955336393253065277569964239395369284033988387621685360219097817201887842649808145954775907322655817714563260357848526487185290439086971117875368861871304329501681745364343600090573566612844847746594984262258355000932301705584576879055540714890278748696239717474486597927398772209762851622838716138914168398078130239594502232826629773089753404076281350661760760835231942670368049724781320, 74394244498217589937104358081941703406614468969277692211961168554523057229686686001796551642888963710615935544568791260296214880915160860879250535201657120568397041196510824084518924430522725233412896550019425532865267349618142416373402860489489635505563257188049941831964015132082422543418070196318668186876435137136251274264340977718804092156113600112578957543461267413997777852269085188546135706878055499413639631453168064023245617321759372616874503206928851184149190601507723466425020997957222096715386750016440460859340684438253514684127595343726590269503033028328493561606945063863082446104573441792279890637188853963576998769885098780582811582164105403457961143327656120042002211744248414925083283619953238829330983418068429260123287896586308868988628774425591423581955205992411547227135421337217429748816580281084291342961620008410825032229160902977432903385325, 23664511597905022488633147888433328086830436121251356781855999872519566412534416070427475891396407800492086632985154224735184768759589009202246078245506323424324825216445307097989131785651556805847708740974979184302310082844132630078713956310264695095777649858489934296980425357454890281371114457168183075572646511382492985338389807648440706498491111741410916078744855319323037143695386922135771583815081942141481112206726948493538337887582369391937311972111239846273120933577200803775933479366200520076777663633229644837512834357070690006962251568458053458367836794179180487972922797034591073776080393540357064092127225690397989000705370381708270033040073272418363607847954101160880735546998443794009292186372645458654868501353895073928177386752518505989806858629682929475725623205362143526762868985683515533379558921091788739030719478195449799451967166593509496835259931680, 7607880169098887774848182081504542213307030078184977440442103543016442886399276888065658796849139747372400439551764246555889816123751510979420889449069582411362763734009785333625427988637333345955174035427305082982165366223477355111375671100230686561646460875356070487201939967742815221667718215720542008782774554297846287363453600871089554291493409022634453999239604791753843888289486246210507070709126878497122621282228439944239146709140968353444534488602070386938499375814800709205121078347960438998963174303783365289167163604620299059648287294492011148277217483123870555897926977095853649717198309638895852177913889659980359085847768818645010024652020116276507297923430916028110386790268982696892253335704755415857495019631762373422095819889680421972157017173998135314221554878668670160275467987338407725310661017982878069922246974325576960576013472420980774628070880177478965, 2471800266940228638048174358280825765103454072402299170399639441126042293791125060932532543096285503921292902810368203706008601258606865917213846982002707325451761937179779254894901553508269604100836044110331421460905527486007792675685955540464950063878935138403187301291910295519640665519841648287604098653523452691370258764386074923016996189306208591453934104352947596840823879305254081393793747273395322823715139654596020137883298765799900618034129255346812668716318447202228750420743838355252346630763135331299215382450411455141135164479728541980454422075267960266945543611236474858442850793117730801677262372604222750527618666991940089177763757009441335778237221095322704617533064668158392478220293108770475034612100131878359595124838931882157169098753814879831994163590583180079450935073499549086248669953433764742637084917738041958379954491146777189576653676660228969662917353000, 811563709844218328501719038879985242630651972137774484318143218065472340278146300130917477342260323216974177486825381954590098042637133679732905165753966893458251545072299742980388132161816650844823397526701005276837650933953452561415294096645316589523306895056780083445871615417668100069464088540620766106812701698704905689852115593399247341838718160623478730548098931523150863468414767289942907248526612947387568087653856695851085600476315570018527624278763656706960119451460563396892403703341647716931829460190140087304561142655033767418464792459900619945550654126485963388333660553797682758053551436383893877534771851457982509314796697539645996575152864334732848565006208284370013589431776843981590616109501297639156224199489927507743241665936781173024741285680358811737532584932306046061747033451938939557140954544185291453956013578152932078123730207876513125004176317380455991594778645, 269257361397275380156986335843445983859027188707982267309136284316890151168122266872235276962705760995634824709868977923366084368193977663727064344273188120044004864617907319527061252936118881150692127537818752726728088476263340677016120614208596556805684668414358268965337501076812251568646517439652995295853890918789518790156375503115628686085882556459015279306326071105024900878096777832388097995287165537232457789849445959122689776183630074558467021072711090967608400591127779881567374131079878512932774650984043917605558077665516483219028574983175988083055013823469006989127788563896779994735975081357702775112976465789323605010425989122913590159717916717520325565503499759755145628647317194188836208250345902525528695440009970188809021746957841510461456564797886725123031610898500770738182183770550493610509997334851619257427710360905267193151578713448438018561385601875218167067349281382400, 90266107092183995719208256214492675074884133769652683274982157090678571167752476868515026484254442021937614270561186028007169489677717265965524777838487858551672234819371867705571541495557429835839179527905896482861051108870998591903561290827904118300094533923897880446208709198491616028124627152986709795977354245505917068730813480039986476352117354109876741249932058403319652795274041897307618360038064661867346381926918112782249643257576329825055042611436738847072007822570268055276528071077349552554096306770541866982004895514665411350830358505934901420951445889193573372042188965949320422215283022249437636031649343367678634667300219019554674878733994118298231462904958762960074775693355263497059639290054210708560765388004382416066525259471893745808609160239408343616970240269224296883038933469423118028480982016532991691479323049100242679099328399475167809780537470558250013545825240439918834605, 30575296858692931765993097377997816872065053326991835489635056178383008340225789974810883830852601619438796456181567176150700478221595103196906414848563961400056626066956916516702014821541194863714790246410396880260626675801220127043941894674390994567081220908838385656261598814549874147510486207768270288932633339454746253188776065213064379215894598653513889303141986550606046073426404567623625721385533414526355035871813410834054728162779284743661944253516297929235618777692291476755486694347604149839333717414545023351612626228309526794398662354564293548910357557371203946871618415302217610694449526428418513827184392182873577849046599387179637693624293423726450154041019252024888368321956068272778029258884322468046536695286396429499717701989357737155275329192933351783314627664952730737410479700496876231079192152568121077704642220483430601235240912783826741200102774177372677588296108742771067334437640, 10463630967466188573616987750185302879042462874829780900440357100647125029233770974129654719013531589212442117216736826858173471159385384191561297821549801690134378855764330754928347022301935412234794092077798072347192964126072557977613014904943458115719370825527216531214125654309330680131776142453496299629970444594900536497528888917540957177159529024198790766767766347281154117478351303154995312501164172786281852151231344522684379345507140721399708872159615058832659636195744450632646433973108830178765981442192670616505631010983227807213082224290765359775847115071360270718139612176801421819907989181965525894508178614783910179389972475277551509700573816934784403966687813524217421848981415464651461063121687256627226020544387018085540890563307951597964099533051616314044848452638448276610301415502543468181076534412625235817471183904942037507730321377445106507205171892851364587654635814494828518527923060125, 3617737625215629902196631812700067358611657284195147767641850825406139596107400911679483341170614465780666587374983457465252328612530540271927169354013914635553820683107382772531946412878760357167706648571346216725607884188804830485411834225294770982761278146701081952368096660223525226671480810596441624619264501396019291090801628169906280698259844202942586714865354607974375349193435092958020699325402505755820232690175329980650988052433020861579620944295953948901039073256861469339533708667598539381327265487749462709633122888261385114977079900555186378550340484953232385439172462072456030785702267811729488784870835706989848241063006643492361769169915193762300098965058511399117028299754230508410454753807944638855323633247098545180967249666920344417286499628955398030883122083409027660948352052601511388862798125313958699532475757008030279816072712234323380904227144950922002197994064405046699991309918230501586720, 1263607015472940427869141756171692227083238267880965407429713298148681844267989097832321620887413391222337006304921597006920798590113279636718993639139334117820874042016429762172730775036706296311893745919648377924137047397349939996775130870045182903629841992357900605405081169579533114697041489005935727088641324312103014011486283488813035628568896643047989630354885922827897796341632202703470427881075912612898646694257129430971757757941857959553391583044635091226103828546229830872381673297127485433649368616826620084683366795534824854344309444745816053486441474924949960818579596725129514888860873803548687572268470366573121183486728023445655611097437148792489940866614601919994994761566457386208112046864792711404026293944179826959353421930911604818414245876901170379624887764415188590443701353284708499413386992007784808531402664883521824164437693001916704805609361415602987849717564809459116419664719549467824712894725, 445846044911410408807636500680595198635141457486048310495870321265588307204140201322765031427431391305324499956603316601533906891341209133901382839659366092795445913488909011565977635740851302765503341735305055073240819255491363428702150075663262154985138929215592218008707219549764146057245330814898338203047850304985179051756774321058836239041735215946480469215896529466904146869996139873081691891847300702684706905014908519906351120281173395016980472595136867047853570448937548605687660079465273450467108625286637324199340406669325462307428767246334753047942064246619644375384350590107797515326115269348904728248918010260193785896723168880471343197175333831346980775612829683043353971692062558320125422167586001120951021450088633425030423980415126997710008858222301352065326899245197481497793810687563408099021812712058760702985990666842306350883537848024282456791984644435695820942946697110316801048820986956029400398924954280]
len(predicted_full) = 199, len(input_sequence + seq_pred) = 199
is_manual_check: False
